obsDate,temp,tempFeel,RH,MSLP,windSpeed,windDir,clouds,rain
20-12-22 20:24,22.9,22.7,53,1012,3.7,0,3,0.0
20-12-22 21:08,22.9,23.9,100,1012,3.7,0,2,0.0
20-12-22 22:18,22.9,23.9,100,1013,3.7,0,2,0.0
20-12-22 23:08,20.9,21.7,100,1012,3.7,0,3,0.0
21-12-22 00:11,20.9,21.7,100,1012,3.7,0,10,0.0
21-12-22 01:08,20.9,21.7,100,1012,3.7,0,13,0.0
21-12-22 02:09,20.6,20.7,74,1011,8.4,12,17,0.0
21-12-22 03:08,20.3,20.3,75,1011,8.1,13,19,0.0
21-12-22 04:08,20.1,20.1,75,1011,8.4,12,35,0.0
21-12-22 05:09,19.9,20.6,100,1011,3.7,0,46,0.0
21-12-22 07:22,17.9,18.4,100,1012,3.7,0,100,0.0
21-12-22 08:19,20.9,21.5,94,1013,3.7,0,98,0.0
21-12-22 09:09,21.9,22.5,88,1014,7.4,300,99,0.0
21-12-22 10:12,24.9,25.7,83,1014,7.4,240,99,0.0
21-12-22 11:08,25.9,26.6,78,1013,7.4,290,40,0.0
21-12-22 12:12,25.9,26.6,78,1013,9.3,60,100,0.0
21-12-22 13:04,27.9,29.5,61,1012,11.1,90,100,0.0
21-12-22 14:11,27.9,29.5,61,1010,11.1,80,100,0.0
21-12-22 15:08,27.9,29.5,61,1009,16.7,90,20,0.0
21-12-22 16:09,25.1,25.2,59,1010,13.9,87,99,0.0
21-12-22 17:07,25.9,26.5,73,1010,16.7,90,20,0.0
21-12-22 18:26,24.9,25.7,83,1011,7.4,90,20,0.0
21-12-22 19:08,23.9,24.7,88,1011,5.5,70,20,0.0
21-12-22 20:09,23.9,25.0,100,1012,5.5,60,20,0.0
21-12-22 21:08,23.9,25.0,100,1013,5.5,50,20,0.0
21-12-22 22:18,22.9,23.9,100,1013,3.7,0,20,0.0
21-12-22 23:05,22.9,23.9,100,1013,3.7,0,20,0.0
22-12-22 00:08,22.9,23.9,100,1012,3.7,0,20,0.0
22-12-22 01:08,22.9,23.9,100,1012,3.7,0,20,0.0
22-12-22 02:08,21.0,21.2,76,1011,9.9,16,86,0.0
22-12-22 03:08,20.9,21.0,76,1011,9.6,18,89,0.0
22-12-22 04:08,20.7,20.9,76,1011,8.6,23,91,0.0
22-12-22 05:08,20.9,21.7,100,1011,3.7,0,20,0.0
22-12-22 07:23,21.9,22.6,94,1012,5.5,30,75,0.0
22-12-22 08:21,22.9,23.7,94,1013,3.7,0,75,0.0
22-12-22 09:09,23.9,24.7,88,1014,7.4,30,40,0.0
22-12-22 10:12,24.9,25.4,73,1014,7.4,60,40,0.0
22-12-22 11:08,26.9,28.4,65,1014,9.3,70,40,0.0
22-12-22 14:33,27.9,28.1,47,1010,11.1,60,75,0.0
22-12-22 15:08,27.9,28.1,47,1010,13.0,20,75,0.0
22-12-22 16:10,27.9,28.8,54,1010,11.1,80,75,0.0
22-12-22 17:08,25.9,26.3,65,1010,14.8,80,75,0.0
22-12-22 18:27,23.9,24.3,73,1011,5.5,60,40,0.0
22-12-22 19:09,23.9,24.3,73,1011,7.4,80,40,0.0
22-12-22 20:08,23.9,24.3,73,1012,7.4,80,75,0.0
22-12-22 21:09,23.9,24.4,78,1012,5.5,60,75,0.0
22-12-22 22:17,23.9,24.4,78,1012,3.7,0,40,0.0
22-12-22 23:08,19.9,20.4,94,1012,5.5,270,40,0.0
23-12-22 00:11,19.9,20.4,94,1012,5.5,280,40,0.0
23-12-22 01:08,19.9,20.4,94,1011,7.4,270,40,0.0
23-12-22 02:08,19.9,20.4,94,1011,7.4,320,40,0.0
23-12-22 03:08,19.9,20.4,94,1011,7.4,300,40,0.0
23-12-22 04:08,20.0,20.0,76,1011,10.1,15,87,0.0
23-12-22 05:08,19.8,19.8,75,1011,9.4,24,88,0.0
23-12-22 07:25,17.9,18.4,100,1012,3.7,0,40,0.0
23-12-22 08:21,20.9,21.4,88,1013,7.4,50,99,0.0
23-12-22 09:09,22.9,23.3,78,1014,9.3,50,99,0.0
23-12-22 10:11,24.9,25.3,69,1014,9.3,50,99,0.0
23-12-22 12:07,26.9,27.2,47,1012,16.7,40,100,0.0
23-12-22 13:08,27.9,28.1,47,1011,18.5,50,98,0.0
23-12-22 14:10,27.9,27.8,42,1011,18.5,90,87,0.0
23-12-22 15:08,27.9,27.4,36,1010,18.5,50,84,0.0
23-12-22 16:09,27.9,27.2,32,1010,14.8,70,80,0.0
23-12-22 17:08,26.9,26.5,34,1010,9.3,80,68,0.0
23-12-22 18:25,24.9,24.4,36,1011,3.7,0,61,0.0
23-12-22 19:08,23.9,23.5,43,1011,3.7,0,33,0.0
23-12-22 20:08,22.9,23.0,64,1012,3.7,0,30,0.0
23-12-22 21:08,23.9,24.0,60,1012,3.7,0,24,0.0
23-12-22 22:15,23.9,24.2,69,1013,7.4,80,22,0.0
23-12-22 23:08,22.9,23.3,78,1013,7.4,30,26,0.0
24-12-22 00:11,22.9,23.5,83,1013,3.7,0,44,0.0
24-12-22 01:08,20.9,21.4,88,1012,3.7,0,64,0.0
24-12-22 02:08,20.1,19.9,66,1011,9.9,8,65,0.0
24-12-22 03:07,20.0,19.8,66,1012,9.4,17,55,0.0
24-12-22 04:05,20.0,19.8,67,1012,9.9,27,49,0.0
24-12-22 05:07,19.9,19.7,68,1012,10.7,31,45,0.0
24-12-22 07:19,20.9,20.7,63,1014,11.4,25,16,0.0
24-12-22 08:16,22.9,22.7,54,1015,13.8,27,15,0.0
24-12-22 09:05,24.7,24.5,48,1015,17.1,37,12,0.0
24-12-22 10:06,26.1,26.1,44,1014,19.2,46,10,0.0
24-12-22 11:03,27.9,27.6,39,1014,14.8,70,9,0.0
24-12-22 12:08,27.9,28.1,47,1014,13.0,60,1,0.0
24-12-22 13:08,28.9,29.0,45,1013,11.1,80,6,0.0
24-12-22 14:09,29.9,29.9,42,1012,14.8,70,14,0.0
24-12-22 15:06,29.9,29.5,39,1011,14.8,70,31,0.0
24-12-22 16:08,28.9,28.5,39,1011,11.1,80,32,0.0
24-12-22 17:08,27.9,28.5,51,1011,11.1,80,31,0.0
24-12-22 18:23,25.9,26.5,73,1012,7.4,60,19,0.0
24-12-22 19:08,24.9,25.5,78,1012,7.4,60,38,0.0
24-12-22 20:08,23.9,24.7,88,1013,5.5,50,28,0.0
24-12-22 21:08,23.9,24.8,94,1014,5.5,60,22,0.0
24-12-22 22:14,20.9,21.7,100,1014,3.7,0,18,0.0
24-12-22 23:08,20.9,21.7,100,1014,3.7,0,16,0.0
25-12-22 00:09,19.9,20.6,100,1014,3.7,0,8,0.0
25-12-22 01:08,20.9,21.7,100,1013,3.7,0,28,0.0
25-12-22 02:08,20.8,21.0,81,1012,8.8,6,42,0.0
25-12-22 03:08,20.9,21.7,100,1012,3.7,0,57,0.0
25-12-22 04:08,20.4,20.6,82,1012,9.0,14,65,0.0
25-12-22 05:08,20.2,20.4,82,1012,9.6,12,71,0.0
25-12-22 07:27,20.9,21.5,94,1013,3.7,0,96,0.0
25-12-22 08:21,22.9,23.6,88,1015,5.5,250,97,0.0
25-12-22 09:08,23.9,24.6,83,1015,5.5,220,97,0.0
25-12-22 10:11,26.9,29.1,74,1015,7.4,300,96,0.0
25-12-22 11:08,28.9,30.1,54,1015,13.0,90,81,0.0
25-12-22 12:10,29.9,29.9,42,1014,13.0,100,54,0.0
25-12-22 13:08,30.9,30.0,33,1013,14.8,80,50,0.0
25-12-22 14:08,30.9,29.7,30,1012,14.8,100,54,0.0
25-12-22 15:08,28.9,28.1,34,1012,11.1,90,54,0.0
25-12-22 16:08,27.9,28.5,51,1012,14.8,100,60,0.0
25-12-22 17:08,27.9,28.8,54,1013,14.8,100,60,0.0
25-12-22 18:22,25.9,26.6,78,1013,11.1,80,13,0.0
25-12-22 19:08,25.9,26.9,89,1014,9.3,90,75,0.0
25-12-22 20:08,25.9,26.9,89,1015,7.4,100,75,0.0
25-12-22 21:08,24.9,25.8,88,1015,3.7,0,40,0.0
25-12-22 22:15,22.9,23.7,94,1016,3.7,0,40,0.0
25-12-22 23:08,22.9,23.7,94,1016,3.7,0,40,0.0
26-12-22 00:09,21.9,22.8,100,1016,3.7,0,40,0.0
26-12-22 01:08,22.9,23.7,94,1015,3.7,0,40,0.0
26-12-22 02:08,22.9,23.7,94,1015,3.7,0,40,0.0
26-12-22 03:08,21.7,22.0,79,1013,6.8,13,1,0.0
26-12-22 04:08,21.5,21.8,80,1013,7.9,14,2,0.0
26-12-22 05:08,21.9,22.8,100,1014,3.7,0,20,0.0
26-12-22 07:26,21.9,22.6,94,1015,5.5,240,20,0.0
26-12-22 08:21,21.9,22.8,100,1016,5.5,290,20,0.0
26-12-22 09:08,24.9,25.7,83,1016,7.4,270,8,0.0
26-12-22 10:06,27.9,30.4,69,1017,9.3,80,20,0.0
26-12-22 11:08,28.9,32.6,70,1017,11.1,110,40,0.0
26-12-22 12:08,28.9,32.6,70,1016,7.4,90,40,0.0
26-12-22 13:08,29.9,34.0,66,1015,14.8,150,40,0.0
26-12-22 14:08,29.9,34.9,70,1014,18.5,150,40,0.0
26-12-22 15:08,28.9,33.4,74,1013,18.5,130,20,0.0
26-12-22 16:08,28.9,34.4,79,1013,18.5,130,20,0.0
26-12-22 17:08,27.9,33.4,89,1013,16.7,120,20,0.0
26-12-22 18:25,25.9,27.0,94,1014,11.1,120,0,0.0
26-12-22 19:08,25.9,27.0,94,1015,7.4,90,0,0.0
26-12-22 20:08,24.9,26.1,100,1016,7.4,110,2,0.0
26-12-22 21:08,24.9,26.1,100,1016,3.7,0,20,0.0
26-12-22 22:15,23.9,25.0,100,1017,3.7,0,20,0.0
26-12-22 23:08,23.9,25.0,100,1017,3.7,0,20,0.0
27-12-22 00:10,23.9,25.0,100,1016,3.7,0,40,0.0
27-12-22 01:08,23.9,25.0,100,1016,3.7,0,20,0.0
27-12-22 02:08,23.9,25.0,100,1015,3.7,0,20,0.0
27-12-22 03:08,23.0,23.6,88,1014,3.5,325,59,0.0
27-12-22 04:08,22.8,23.4,88,1014,5.0,345,58,0.0
27-12-22 05:07,22.6,23.2,89,1015,5.3,345,53,0.0
27-12-22 07:24,22.9,23.9,100,1016,3.7,0,20,0.0
27-12-22 08:17,24.9,25.9,94,1017,3.7,0,20,0.0
27-12-22 09:08,25.9,27.0,94,1017,3.7,0,20,0.0
27-12-22 10:11,27.9,33.4,89,1017,3.7,0,20,0.0
27-12-22 11:08,28.9,35.5,84,1016,7.4,160,40,0.0
27-12-22 12:11,28.9,35.5,84,1016,9.3,140,40,0.0
27-12-22 13:08,28.9,34.4,79,1015,13.0,130,40,0.0
27-12-22 14:10,28.9,35.5,84,1013,14.8,120,40,0.0
27-12-22 15:08,29.9,35.9,74,1013,14.8,130,40,0.0
27-12-22 16:08,28.9,34.4,79,1012,14.8,120,40,0.0
27-12-22 17:08,27.9,32.4,83,1013,13.0,120,40,0.0
27-12-22 18:25,26.9,30.5,89,1014,5.5,180,40,0.0
27-12-22 19:08,25.9,27.0,94,1014,9.3,210,40,0.0
27-12-22 20:08,25.9,27.2,100,1015,3.7,0,40,0.0
27-12-22 21:08,25.9,27.2,100,1015,3.7,0,40,0.0
27-12-22 22:12,24.9,26.1,100,1016,3.7,0,20,0.0
27-12-22 23:08,24.9,26.1,100,1016,3.7,0,20,0.0
28-12-22 00:10,24.9,26.1,100,1015,3.7,0,96,0.0
28-12-22 01:08,23.9,25.0,100,1015,3.7,0,98,0.0
28-12-22 02:08,23.5,24.1,87,1014,9.4,242,97,0.0
28-12-22 03:05,23.9,25.0,100,1014,3.7,0,94,0.0
28-12-22 04:08,23.1,23.8,88,1013,7.7,254,95,0.0
28-12-22 05:08,23.0,23.6,88,1014,6.4,271,91,0.0
28-12-22 07:24,21.9,22.8,100,1015,3.7,0,20,0.0
28-12-22 08:20,24.9,25.9,94,1016,5.5,250,99,0.0
28-12-22 09:09,25.9,26.9,89,1017,3.7,0,89,0.0
28-12-22 10:11,27.9,31.7,78,1017,5.5,240,20,0.0
28-12-22 11:06,28.9,34.4,79,1017,7.4,220,40,0.0
28-12-22 12:11,29.9,34.0,66,1016,7.4,250,40,0.0
28-12-22 13:08,30.9,35.2,62,1014,13.0,200,40,0.0
28-12-22 14:08,30.9,35.2,62,1013,14.8,200,40,0.0
28-12-22 15:08,30.9,36.3,66,1013,14.8,210,20,0.0
28-12-22 16:09,29.9,34.9,70,1013,16.7,220,20,0.0
28-12-22 17:08,28.9,33.4,74,1013,14.8,200,20,0.0
28-12-22 18:25,26.9,30.5,89,1014,7.4,230,20,0.0
28-12-22 19:08,26.9,30.5,89,1015,5.5,260,20,0.0
28-12-22 20:08,25.9,27.2,100,1015,3.7,0,20,0.0
28-12-22 21:08,25.9,27.2,100,1016,3.7,0,20,0.0
28-12-22 22:15,24.9,26.1,100,1016,3.7,0,20,0.0
28-12-22 23:08,24.9,26.1,100,1016,3.7,0,40,0.0
29-12-22 00:11,24.9,26.1,100,1016,3.7,0,40,0.0
29-12-22 01:08,24.9,26.1,100,1016,3.7,0,20,0.0
29-12-22 02:08,23.9,25.0,100,1015,3.7,0,20,0.0
29-12-22 03:08,23.9,25.0,100,1015,3.7,0,20,0.0
29-12-22 04:08,23.1,23.7,88,1014,3.9,287,31,0.0
29-12-22 05:08,23.9,25.0,100,1015,3.7,0,40,0.0
29-12-22 07:26,24.9,25.9,94,1016,3.7,0,40,0.0
29-12-22 08:21,25.9,26.9,89,1017,3.7,0,20,0.0
29-12-22 09:08,26.9,29.9,83,1018,3.7,0,20,0.0
29-12-22 10:11,27.9,31.7,78,1018,3.7,0,20,0.0
29-12-22 11:08,28.9,34.4,79,1018,5.5,170,20,0.0
29-12-22 12:11,29.9,35.9,74,1017,16.7,140,40,0.0
29-12-22 13:05,28.8,30.7,60,1014,17.6,92,8,0.0
29-12-22 14:10,29.9,34.0,66,1015,18.5,110,40,0.0
29-12-22 15:08,27.3,29.3,69,1013,20.2,109,9,0.0
29-12-22 16:08,28.9,32.6,70,1014,13.0,150,40,0.0
29-12-22 17:08,27.9,31.1,74,1014,11.1,110,20,0.0
29-12-22 18:25,25.9,26.9,89,1015,7.4,100,20,0.0
29-12-22 19:08,25.9,26.9,89,1016,3.7,90,20,0.0
29-12-22 20:05,25.9,26.9,89,1017,3.7,0,40,0.0
29-12-22 21:08,24.9,25.9,94,1017,3.7,0,20,0.0
29-12-22 22:15,24.9,25.9,94,1018,3.7,0,40,0.0
29-12-22 23:08,24.9,25.9,94,1018,3.7,0,40,0.0
30-12-22 00:10,24.9,25.9,94,1018,3.7,0,75,0.0
30-12-22 01:08,24.9,25.9,94,1018,3.7,0,40,0.0
30-12-22 02:08,24.9,25.9,94,1017,3.7,0,40,0.0
30-12-22 03:05,23.3,24.0,86,1016,5.8,5,12,0.0
30-12-22 04:08,23.2,23.9,86,1016,6.6,24,13,0.0
30-12-22 05:08,22.9,23.9,100,1016,3.7,0,40,0.0
30-12-22 07:27,21.9,22.8,100,1018,3.7,0,2,0.0
30-12-22 08:22,23.9,24.8,94,1019,3.7,0,7,0.0
30-12-22 09:06,24.9,25.9,94,1019,3.7,0,9,0.0
30-12-22 10:11,26.9,29.4,78,1020,3.7,0,20,0.0
30-12-22 11:08,27.9,31.7,78,1019,3.7,0,40,0.0
30-12-22 12:08,28.9,32.6,70,1018,13.0,120,40,0.0
30-12-22 13:08,28.9,31.7,65,1017,18.5,130,40,0.0
30-12-22 14:10,28.9,31.7,65,1016,16.7,120,40,0.0
30-12-22 15:07,27.9,31.1,74,1015,18.5,120,40,0.0
30-12-22 16:08,27.9,31.1,74,1015,14.8,110,40,0.0
30-12-22 17:08,26.9,29.4,78,1015,13.0,110,40,0.0
30-12-22 18:22,26.9,29.4,78,1016,11.1,120,40,0.0
30-12-22 19:08,25.9,26.8,83,1016,9.3,100,40,0.0
30-12-22 20:08,25.9,26.8,83,1017,11.1,120,40,0.0
30-12-22 21:08,25.9,26.9,89,1018,5.5,120,40,0.0
30-12-22 22:14,24.9,25.9,94,1018,3.7,0,40,0.0
30-12-22 23:08,24.9,25.9,94,1018,3.7,0,40,0.0
31-12-22 00:08,23.9,25.0,100,1018,3.7,0,40,0.0
31-12-22 01:08,23.9,25.0,100,1017,3.7,0,40,0.0
31-12-22 02:08,22.9,23.9,100,1016,3.7,0,40,0.0
31-12-22 03:08,23.9,24.5,80,1015,2.6,349,74,0.0
31-12-22 04:06,21.9,22.8,100,1016,3.7,0,40,0.0
31-12-22 05:08,23.7,24.2,78,1016,2.9,347,67,0.0
31-12-22 07:23,21.9,22.8,100,1017,3.7,0,40,0.0
31-12-22 08:18,22.9,23.9,100,1018,3.7,0,40,0.0
31-12-22 09:08,24.9,25.8,88,1019,3.7,0,40,0.0
31-12-22 10:10,26.9,29.4,78,1019,5.5,280,40,0.0
31-12-22 11:08,27.9,30.4,69,1018,7.4,260,40,0.0
31-12-22 12:10,27.9,30.4,69,1017,5.5,80,40,0.0
31-12-22 13:08,28.9,31.7,65,1016,13.0,150,40,0.0
31-12-22 14:09,28.9,31.7,65,1015,13.0,110,40,0.0
31-12-22 15:08,28.9,31.7,65,1013,14.8,140,40,0.0
31-12-22 16:08,27.9,30.4,69,1014,13.0,130,40,0.0
31-12-22 17:08,27.9,30.4,69,1014,13.0,130,40,0.0
31-12-22 18:22,26.9,29.4,78,1014,5.5,140,40,0.0
31-12-22 19:08,25.9,26.8,83,1015,5.5,180,40,0.0
31-12-22 20:08,24.9,25.8,88,1016,3.7,0,40,0.0
31-12-22 21:08,23.9,24.8,94,1016,3.7,0,40,0.0
31-12-22 22:14,23.9,24.8,94,1017,3.7,0,40,0.0
31-12-22 23:08,23.9,24.8,94,1017,3.7,0,40,0.0
01-01-23 00:09,23.9,24.8,94,1016,3.7,0,40,0.0
01-01-23 01:08,23.9,25.0,100,1016,3.7,0,40,0.0
01-01-23 02:08,23.9,24.8,94,1016,3.7,0,40,0.0
01-01-23 03:08,23.9,24.5,80,1015,1.5,167,82,0.0
01-01-23 04:08,23.9,24.8,94,1015,3.7,0,40,0.0
01-01-23 05:08,24.1,24.6,79,1016,3.8,116,88,0.0
01-01-23 07:39,22.9,23.9,100,1016,3.7,0,40,0.0
01-01-23 08:33,24.9,25.9,94,1017,3.7,0,20,0.0
01-01-23 09:10,25.9,26.8,83,1018,5.5,280,20,0.0
01-01-23 10:10,26.9,29.4,78,1018,9.3,310,20,0.0
01-01-23 11:08,27.9,30.4,69,1018,7.4,310,40,0.0
01-01-23 12:10,28.9,31.7,65,1017,11.1,130,40,0.0
01-01-23 13:08,27.9,30.4,69,1016,14.8,120,40,0.0
01-01-23 14:10,27.9,31.1,74,1015,16.7,120,40,0.0
01-01-23 15:08,27.9,30.4,69,1014,18.5,110,40,0.0
01-01-23 16:08,26.2,26.2,65,1014,14.9,138,50,0.0
01-01-23 17:08,25.3,25.7,68,1015,12.9,142,44,0.0
01-01-23 18:24,25.9,26.8,83,1015,9.3,120,40,0.0
01-01-23 19:08,25.9,26.6,78,1016,7.4,110,40,0.0
01-01-23 20:08,25.9,26.8,83,1016,5.5,110,40,0.0
01-01-23 21:08,24.9,25.8,88,1017,5.5,80,40,0.0
01-01-23 22:14,24.9,25.8,88,1017,7.4,110,40,0.0
01-01-23 23:08,24.9,25.8,88,1017,7.4,110,40,0.0
02-01-23 00:09,24.9,25.8,88,1017,3.7,0,40,0.0
02-01-23 01:03,24.9,25.8,88,1016,3.7,0,40,0.0
02-01-23 02:08,23.9,24.8,94,1016,3.7,0,40,0.0
02-01-23 03:08,22.5,22.8,77,1015,3.2,47,28,0.0
02-01-23 04:06,22.4,22.7,78,1016,3.4,62,29,0.0
02-01-23 05:08,23.9,24.7,88,1015,3.7,0,40,0.0
02-01-23 07:25,22.9,23.9,100,1017,3.7,0,40,0.0
02-01-23 08:21,24.4,24.6,68,1019,5.0,64,78,0.0
02-01-23 09:08,24.9,25.8,88,1019,3.7,0,40,0.0
02-01-23 10:11,25.9,26.6,78,1019,3.7,0,40,0.0
02-01-23 11:08,25.9,26.6,78,1019,3.7,0,40,0.0
02-01-23 12:11,25.9,26.4,69,1018,11.1,130,75,0.0
02-01-23 13:05,26.9,28.4,65,1017,13.0,110,75,0.0
02-01-23 14:11,26.9,28.1,61,1016,13.0,100,75,0.0
02-01-23 15:08,27.9,29.1,57,1015,13.0,120,40,0.0
02-01-23 16:07,26.9,28.1,61,1015,13.0,130,40,0.0
02-01-23 17:08,26.9,28.1,61,1015,13.0,130,40,0.0
02-01-23 18:28,24.9,25.5,78,1016,7.4,100,40,0.0
02-01-23 19:08,24.9,25.5,78,1016,7.4,120,40,0.0
02-01-23 20:07,23.9,24.6,83,1018,3.7,0,40,0.0
02-01-23 21:08,22.9,23.7,94,1018,3.7,0,40,0.0
02-01-23 22:15,22.9,23.7,94,1018,3.7,0,40,0.0
02-01-23 23:08,22.9,23.6,88,1018,3.7,0,40,0.0
03-01-23 00:10,22.9,23.6,88,1018,3.7,0,40,0.0
03-01-23 01:08,20.9,21.7,100,1017,3.7,0,40,0.0
03-01-23 02:08,20.9,21.7,100,1017,3.7,0,40,0.0
03-01-23 03:08,21.7,22.0,81,1016,6.5,25,34,0.0
03-01-23 04:08,21.5,21.9,82,1016,6.8,30,35,0.0
03-01-23 05:08,20.9,21.7,100,1016,3.7,0,40,0.0
03-01-23 07:21,19.9,20.6,100,1018,3.7,0,20,0.0
03-01-23 08:19,22.9,23.7,94,1019,3.7,0,20,0.0
03-01-23 09:08,23.9,24.7,88,1019,3.7,0,20,0.0
03-01-23 10:11,26.9,28.7,69,1019,3.7,0,40,0.0
03-01-23 11:08,27.9,29.1,57,1019,7.4,80,40,0.0
03-01-23 12:11,28.9,29.7,51,1018,7.4,80,40,0.0
03-01-23 13:08,28.9,29.7,51,1016,14.8,150,40,0.0
03-01-23 14:11,28.9,30.1,54,1015,18.5,130,40,0.0
03-01-23 15:06,28.9,29.7,51,1015,18.5,130,20,0.0
03-01-23 16:06,27.9,28.8,54,1014,18.5,110,20,0.0
03-01-23 17:08,25.9,26.3,65,1015,13.0,100,20,0.0
03-01-23 18:28,24.9,25.5,78,1015,14.8,100,20,0.0
03-01-23 19:05,24.9,25.5,78,1016,11.1,100,20,0.0
03-01-23 20:08,24.9,25.5,78,1017,5.5,80,40,0.0
03-01-23 21:09,24.9,25.7,83,1017,3.7,0,40,0.0
03-01-23 22:16,23.9,24.6,83,1018,3.7,0,40,0.0
03-01-23 23:08,23.9,24.6,83,1017,3.7,0,40,0.0
04-01-23 00:10,23.9,24.6,83,1017,3.7,0,75,0.0
04-01-23 01:08,21.9,22.4,85,1017,5.9,34,16,0.0
04-01-23 02:08,23.9,24.7,88,1016,3.7,0,75,0.0
04-01-23 03:08,23.9,24.8,94,1016,3.7,0,75,0.0
04-01-23 04:08,21.2,21.7,87,1016,7.0,8,17,0.0
04-01-23 05:08,21.1,21.6,88,1017,7.0,19,19,0.0
04-01-23 07:30,22.9,23.7,94,1017,3.7,0,75,0.0
04-01-23 08:22,23.9,24.7,88,1018,5.5,60,75,0.0
04-01-23 09:08,23.9,24.7,88,1018,7.4,60,75,0.0
04-01-23 10:11,24.9,25.5,78,1019,5.5,100,75,0.0
04-01-23 11:08,25.9,26.4,69,1018,7.4,70,75,0.0
04-01-23 12:11,26.9,28.4,65,1017,13.0,100,75,0.0
04-01-23 13:08,26.9,28.4,65,1016,11.1,90,75,0.0
04-01-23 14:09,26.9,28.7,69,1015,14.8,90,40,0.0
04-01-23 15:09,26.9,28.7,69,1014,20.4,90,40,0.0
04-01-23 16:08,25.9,26.5,73,1014,16.7,90,40,0.0
04-01-23 17:08,25.9,26.5,73,1014,16.7,90,40,0.0
04-01-23 18:27,24.9,25.5,78,1015,11.1,90,20,0.0
04-01-23 19:09,23.8,24.2,75,1017,12.9,87,34,0.0
04-01-23 20:10,24.9,25.7,83,1016,9.3,80,20,0.0
04-01-23 21:14,24.9,25.7,83,1017,7.4,40,40,0.0
04-01-23 22:24,24.9,25.5,78,1017,7.4,90,75,0.0
04-01-23 23:09,24.9,25.5,78,1017,5.5,90,75,0.0
05-01-23 00:12,24.9,25.5,78,1017,13.0,60,75,0.0
05-01-23 01:08,23.9,24.6,83,1016,3.7,0,75,0.0
05-01-23 02:09,24.9,25.5,78,1016,9.3,80,75,0.0
05-01-23 03:09,21.9,22.4,83,1016,13.9,45,49,0.0
05-01-23 04:08,22.1,22.5,82,1016,12.8,44,57,0.0
05-01-23 05:05,22.9,23.6,88,1016,3.7,0,75,0.0
05-01-23 07:30,23.9,24.3,73,1017,16.7,70,75,0.0
05-01-23 08:22,23.9,24.4,78,1019,11.1,40,75,0.0
05-01-23 09:08,23.9,24.4,78,1019,16.7,50,75,0.0
05-01-23 10:12,24.9,25.4,73,1020,11.1,60,75,0.0
05-01-23 11:08,25.9,26.4,69,1019,16.7,80,75,0.0
05-01-23 12:11,26.9,27.8,57,1018,11.1,70,75,0.0
05-01-23 13:08,26.9,27.8,57,1018,16.7,100,40,0.0
05-01-23 14:11,27.9,28.8,54,1016,18.5,90,40,0.0
05-01-23 15:04,26.9,28.1,61,1016,18.5,100,40,0.0
05-01-23 16:10,26.9,28.1,61,1015,20.4,100,40,0.0
05-01-23 17:08,25.9,26.3,65,1016,18.5,80,20,0.0
05-01-23 18:24,24.9,25.4,73,1017,14.8,80,20,0.0
05-01-23 19:10,23.9,24.3,73,1017,14.8,80,20,0.0
05-01-23 20:09,23.9,24.3,73,1018,7.4,80,40,0.0
05-01-23 21:09,23.9,24.4,78,1018,3.7,0,40,0.0
05-01-23 22:15,23.9,24.3,73,1019,3.7,0,40,0.0
05-01-23 23:08,23.9,24.3,73,1019,3.7,0,40,0.0
06-01-23 00:12,21.9,22.5,88,1019,3.7,0,40,0.0
06-01-23 01:08,21.9,22.5,88,1018,3.7,0,40,0.0
06-01-23 02:09,21.9,22.4,83,1018,3.7,0,40,0.0
06-01-23 03:08,21.9,22.2,78,1017,3.7,0,40,0.0
06-01-23 04:08,21.9,22.2,78,1017,3.7,0,40,0.0
06-01-23 05:08,20.2,20.1,71,1018,9.2,30,0,0.0
06-01-23 07:35,20.9,21.3,83,1018,9.3,60,40,0.0
06-01-23 08:27,23.9,24.0,60,1020,9.3,50,40,0.0
06-01-23 09:09,23.9,24.0,60,1020,9.3,60,40,0.0
06-01-23 10:12,24.9,25.1,61,1021,13.0,80,20,0.0
06-01-23 11:08,25.9,26.0,53,1020,13.0,80,20,0.0
06-01-23 12:12,26.9,27.4,50,1020,14.8,80,20,0.0
06-01-23 13:08,26.7,27.1,48,1017,18.4,85,5,0.0
06-01-23 14:11,26.9,27.2,47,1017,18.5,100,6,0.0
06-01-23 15:08,26.9,27.6,54,1016,20.4,100,5,0.0
06-01-23 16:09,25.9,26.0,53,1016,13.0,90,5,0.0
06-01-23 17:08,24.9,25.2,65,1016,18.5,90,20,0.0
06-01-23 18:27,24.9,25.2,65,1017,5.5,90,40,0.0
06-01-23 19:09,23.9,24.2,69,1017,3.7,0,40,0.0
06-01-23 20:08,22.9,23.2,73,1018,3.7,0,40,0.0
06-01-23 21:09,22.9,23.2,73,1019,3.7,0,40,0.0
06-01-23 22:17,21.9,22.4,83,1019,3.7,0,40,0.0
06-01-23 23:05,21.9,22.4,83,1019,3.7,0,40,0.0
07-01-23 00:11,21.9,22.4,83,1018,3.7,0,20,0.0
07-01-23 01:08,21.2,21.4,76,1017,7.2,36,2,0.0
07-01-23 02:08,20.9,21.0,77,1017,7.8,24,1,0.0
07-01-23 03:08,20.9,21.5,94,1017,3.7,0,20,0.0
07-01-23 04:08,20.9,21.5,94,1016,3.7,0,20,0.0
07-01-23 05:08,19.9,20.6,100,1016,3.7,0,20,0.0
07-01-23 07:22,18.9,19.5,100,1018,3.7,0,0,0.0
07-01-23 08:21,19.9,20.4,94,1019,3.7,0,0,0.0
07-01-23 09:08,22.9,23.3,78,1019,14.8,50,0,0.0
07-01-23 10:11,24.9,24.9,53,1020,9.3,60,0,0.0
07-01-23 11:08,25.9,26.0,53,1019,9.3,20,0,0.0
07-01-23 12:10,26.9,27.2,47,1018,7.4,60,20,0.0
07-01-23 13:08,26.9,27.2,47,1017,16.7,110,20,0.0
07-01-23 14:09,26.9,27.2,47,1015,16.7,100,20,0.0
07-01-23 15:06,26.9,27.2,47,1014,14.8,90,0,0.0
07-01-23 16:08,24.9,24.9,53,1014,18.5,100,0,0.0
07-01-23 17:08,26.9,27.0,44,1014,14.8,100,0,0.0
07-01-23 18:19,22.9,22.8,56,1015,3.7,0,20,0.0
07-01-23 19:08,21.9,21.9,64,1015,3.7,0,20,0.0
07-01-23 20:08,20.9,21.1,78,1016,3.7,0,20,0.0
07-01-23 21:08,19.9,20.0,77,1017,3.7,0,20,0.0
07-01-23 22:14,18.9,19.2,88,1017,3.7,0,20,0.0
07-01-23 23:08,17.9,18.2,94,1017,3.7,0,0,0.0
08-01-23 00:10,16.9,17.3,100,1017,3.7,0,0,0.0
08-01-23 01:08,16.9,17.3,100,1016,3.7,0,0,0.0
08-01-23 02:08,16.9,17.1,94,1016,3.7,0,0,0.0
08-01-23 03:08,16.9,17.1,94,1015,3.7,0,0,0.0
08-01-23 04:08,18.1,17.7,64,1015,7.6,10,0,0.0
08-01-23 05:08,15.9,16.2,100,1016,3.7,0,0,0.0
08-01-23 07:36,14.9,14.9,94,1017,3.7,0,0,0.0
08-01-23 08:27,18.9,18.8,72,1018,3.7,0,0,0.0
08-01-23 09:08,22.6,22.1,46,1019,6.7,26,0,0.0
08-01-23 10:11,23.9,23.3,35,1018,5.5,250,0,0.0
08-01-23 11:08,25.9,25.4,31,1018,9.3,30,0,0.0
08-01-23 12:07,26.9,26.1,22,1017,14.8,30,0,0.0
08-01-23 13:08,27.9,26.8,24,1016,13.0,60,0,0.0
08-01-23 14:10,27.9,26.8,23,1015,16.7,90,0,0.0
08-01-23 15:08,26.9,26.2,26,1014,18.5,90,0,0.0
08-01-23 16:08,26.9,26.2,26,1014,16.7,100,0,0.0
08-01-23 17:08,24.9,24.4,33,1014,11.1,80,0,0.0
08-01-23 18:24,22.9,22.5,46,1015,5.5,90,0,0.0
08-01-23 19:08,22.9,22.5,46,1015,3.7,0,0,0.0
08-01-23 20:08,19.9,19.7,64,1016,3.7,0,0,0.0
08-01-23 21:08,18.9,18.5,63,1017,3.7,0,0,0.0
08-01-23 22:14,17.9,17.7,72,1017,3.7,0,0,0.0
08-01-23 23:08,16.9,17.0,88,1017,3.7,0,20,0.0
09-01-23 00:10,15.9,16.0,94,1017,3.7,0,20,0.0
09-01-23 01:08,15.9,16.0,94,1017,3.7,0,20,0.0
09-01-23 02:08,18.6,17.9,53,1016,6.7,357,0,0.0
09-01-23 03:08,18.2,17.5,54,1016,7.0,356,0,0.0
09-01-23 04:08,14.9,15.1,100,1016,3.7,0,20,0.0
09-01-23 05:08,17.7,17.0,56,1017,7.3,358,0,0.0
09-01-23 07:27,13.9,14.0,100,1018,3.7,0,20,0.0
09-01-23 08:22,17.9,17.9,82,1019,3.7,0,0,0.0
09-01-23 09:09,20.9,20.9,68,1019,3.7,0,0,0.0
09-01-23 10:11,24.9,24.8,50,1019,7.4,300,0,0.0
09-01-23 11:08,25.9,25.6,38,1019,11.1,40,0,0.0
09-01-23 12:12,26.9,26.3,29,1018,7.4,90,0,0.0
09-01-23 13:08,27.9,27.1,30,1017,13.0,90,0,0.0
09-01-23 14:12,27.9,27.2,32,1016,16.7,130,0,0.0
09-01-23 15:08,26.9,26.5,34,1015,16.7,120,0,0.0
09-01-23 16:10,26.9,26.5,34,1015,14.8,110,0,0.0
09-01-23 17:08,25.9,25.5,36,1015,14.8,110,0,0.0
09-01-23 18:27,23.9,23.6,46,1015,3.7,0,0,0.0
09-01-23 19:09,20.9,20.8,64,1015,3.7,0,0,0.0
09-01-23 20:12,20.9,20.8,64,1016,3.7,0,0,0.0
09-01-23 21:15,18.9,18.9,77,1017,3.7,0,0,0.0
09-01-23 22:24,17.9,17.9,82,1017,3.7,0,0,0.0
09-01-23 23:11,16.9,17.0,88,1018,3.7,0,0,0.0
10-01-23 00:12,16.9,17.0,88,1017,3.7,0,0,0.0
10-01-23 01:08,19.7,19.5,67,1016,6.2,4,0,0.0
10-01-23 02:09,15.9,16.0,94,1017,3.7,0,0,0.0
10-01-23 03:08,19.1,18.9,69,1016,5.7,4,0,0.0
10-01-23 04:08,18.9,18.6,70,1016,5.8,360,0,0.0
10-01-23 05:08,14.9,15.1,100,1016,3.7,0,0,0.0
10-01-23 07:36,15.9,16.2,100,1018,3.7,0,0,0.0
10-01-23 08:28,17.9,18.1,88,1018,3.7,0,0,0.0
10-01-23 09:08,19.9,20.0,77,1019,3.7,0,0,0.0
10-01-23 10:11,25.9,25.9,50,1019,5.5,290,0,0.0
10-01-23 11:03,26.9,27.2,47,1018,5.5,120,0,0.0
10-01-23 12:12,27.9,27.2,34,1017,7.4,60,0,0.0
10-01-23 13:08,28.9,27.9,32,1016,13.0,130,0,0.0
10-01-23 14:12,28.9,27.9,32,1015,20.4,140,0,0.0
10-01-23 15:09,27.9,27.4,36,1014,16.7,130,0,0.0
10-01-23 16:10,27.9,27.6,39,1014,16.7,130,0,0.0
10-01-23 17:08,26.9,26.9,41,1014,18.5,120,0,0.0
10-01-23 18:29,23.9,23.8,53,1014,7.4,110,0,0.0
10-01-23 19:11,21.9,21.9,64,1015,7.4,80,0,0.0
10-01-23 20:13,19.9,20.0,77,1015,3.7,0,0,0.0
10-01-23 21:16,18.9,19.0,82,1016,3.7,0,0,0.0
10-01-23 22:22,18.9,18.9,77,1016,3.7,0,0,0.0
10-01-23 23:05,21.1,21.0,69,1016,4.5,334,0,0.0
11-01-23 00:12,17.9,18.1,88,1015,3.7,0,0,0.0
11-01-23 01:08,16.9,17.3,100,1015,3.7,0,0,0.0
11-01-23 02:09,19.8,19.7,72,1014,5.7,338,0,0.0
11-01-23 03:08,15.9,16.2,100,1014,3.7,0,20,0.0
11-01-23 04:09,15.9,16.2,100,1013,3.7,0,20,0.0
11-01-23 05:08,15.9,16.2,100,1014,3.7,0,0,0.0
11-01-23 07:33,14.9,15.1,100,1015,3.7,0,0,0.0
11-01-23 08:22,15.9,16.2,100,1015,3.7,0,0,0.0
11-01-23 09:09,20.9,21.0,73,1016,3.7,0,0,0.0
11-01-23 10:12,24.9,25.0,57,1016,5.5,260,0,0.0
11-01-23 11:08,26.9,27.2,47,1016,9.3,220,0,0.0
11-01-23 12:12,26.9,27.2,47,1015,11.1,70,0,0.0
11-01-23 13:08,26.8,26.9,43,1013,12.2,133,0,0.0
11-01-23 14:13,27.9,28.8,54,1013,13.0,110,0,0.0
11-01-23 15:12,27.9,28.5,51,1012,14.8,120,0,0.0
11-01-23 16:13,27.9,28.5,51,1012,13.0,110,0,0.0
11-01-23 17:04,26.9,27.4,50,1011,11.1,110,0,0.0
11-01-23 18:30,23.9,24.3,73,1012,3.7,0,0,0.0
11-01-23 19:13,22.9,23.3,78,1012,3.7,0,0,0.0
11-01-23 20:20,20.9,21.5,94,1013,3.7,0,0,0.0
11-01-23 21:25,20.9,21.5,94,1014,3.7,0,0,0.0
11-01-23 22:27,20.9,21.5,94,1014,3.7,0,0,0.0
11-01-23 23:11,20.9,21.5,94,1014,3.7,0,0,0.0
12-01-23 00:14,19.9,20.4,94,1014,3.7,0,0,0.0
12-01-23 01:08,20.6,20.5,70,1013,3.3,328,0,0.0
12-01-23 02:09,18.9,19.5,100,1013,3.7,0,0,0.0
12-01-23 03:08,18.9,19.5,100,1012,3.7,0,0,0.0
12-01-23 04:09,19.4,19.3,74,1012,5.4,324,0,0.0
12-01-23 05:08,19.1,19.0,74,1013,4.7,322,0,0.0
12-01-23 07:32,17.9,18.4,100,1014,3.7,0,40,0.0
12-01-23 08:24,19.9,20.4,94,1015,3.7,0,20,0.0
12-01-23 09:09,20.9,21.4,88,1015,5.5,270,20,0.0
12-01-23 10:11,23.9,24.4,78,1015,7.4,280,1,0.0
12-01-23 11:08,25.9,26.4,69,1015,11.1,250,20,0.0
12-01-23 12:11,27.9,28.8,54,1013,11.1,190,40,0.0
12-01-23 13:08,27.9,28.8,54,1013,18.5,200,40,0.0
12-01-23 14:13,27.9,34.9,100,1012,13.0,190,40,0.0
12-01-23 15:09,27.9,29.1,57,1011,18.5,190,40,0.0
12-01-23 16:11,27.9,29.1,57,1010,13.0,200,20,0.0
12-01-23 17:09,25.9,26.3,65,1011,11.1,200,20,0.0
12-01-23 18:30,24.9,25.4,73,1011,3.7,0,20,0.0
12-01-23 19:15,24.9,25.4,73,1012,3.7,0,20,0.0
12-01-23 20:19,21.9,22.5,88,1013,3.7,0,20,0.0
12-01-23 21:23,20.9,21.5,94,1013,3.7,0,20,0.0
12-01-23 22:38,20.9,21.5,94,1013,3.7,0,20,0.0
12-01-23 23:16,20.9,21.5,94,1013,3.7,0,20,0.0
13-01-23 00:13,20.9,21.5,94,1013,3.7,0,20,0.0
13-01-23 01:08,19.9,20.6,100,1012,3.7,0,20,0.0
13-01-23 02:10,20.4,20.5,79,1012,5.4,282,14,0.0
13-01-23 03:08,20.1,20.2,80,1012,4.6,294,12,0.0
13-01-23 04:09,19.9,20.0,80,1012,4.4,304,12,0.0
13-01-23 05:08,18.9,19.5,100,1012,3.7,0,20,0.0
13-01-23 07:37,18.9,19.5,100,1014,3.7,0,20,0.0
13-01-23 08:27,20.9,21.7,100,1015,3.7,0,20,0.0
13-01-23 09:09,21.9,22.6,94,1016,5.5,240,20,0.0
13-01-23 10:08,24.9,25.4,73,1016,5.5,270,20,0.0
13-01-23 11:08,26.9,28.1,61,1016,7.4,260,20,0.0
13-01-23 12:12,26.9,28.1,61,1015,5.5,240,40,0.0
13-01-23 13:04,27.9,29.1,57,1014,11.1,150,40,0.0
13-01-23 14:12,28.9,30.1,54,1013,11.1,170,40,0.0
13-01-23 15:09,28.9,30.6,58,1012,11.1,170,40,0.0
13-01-23 16:08,26.9,28.1,61,1012,14.8,200,40,0.0
13-01-23 17:08,25.9,26.3,65,1012,16.7,210,40,0.0
13-01-23 18:27,24.9,25.4,73,1013,9.3,220,20,0.0
13-01-23 19:06,24.9,25.4,73,1013,7.4,220,20,0.0
13-01-23 20:09,23.9,24.6,83,1014,3.7,0,20,0.0
13-01-23 21:10,21.9,22.8,100,1015,3.7,0,20,0.0
13-01-23 22:21,21.9,22.8,100,1014,3.7,0,20,0.0
13-01-23 23:08,21.9,22.8,100,1014,3.7,0,20,0.0
14-01-23 00:11,20.9,21.7,100,1014,3.7,0,20,0.0
14-01-23 01:08,20.9,21.7,100,1013,3.7,0,20,0.0
14-01-23 02:09,20.9,21.7,100,1013,3.7,0,20,0.0
14-01-23 03:08,20.9,21.7,100,1013,3.7,0,20,0.0
14-01-23 04:03,19.9,20.6,100,1012,3.7,0,20,0.0
14-01-23 05:09,18.9,19.5,100,1013,3.7,0,31,0.0
14-01-23 07:22,18.9,19.5,100,1014,5.5,270,42,0.0
14-01-23 08:16,18.9,19.5,100,1015,5.5,280,29,0.0
14-01-23 09:08,19.9,20.6,100,1015,2.6,256,23,0.0
14-01-23 10:10,21.9,22.8,100,1016,5.5,320,20,0.0
14-01-23 11:08,25.9,26.4,69,1015,3.7,0,18,0.0
14-01-23 12:10,27.9,29.1,57,1014,3.7,0,20,0.0
14-01-23 13:08,27.9,29.1,57,1012,9.3,220,20,0.0
14-01-23 14:09,28.9,30.1,54,1012,13.0,110,40,0.0
14-01-23 15:08,28.9,30.1,54,1012,13.0,110,40,0.0
14-01-23 16:08,25.6,25.8,62,1011,17.3,175,25,0.0
14-01-23 17:08,26.9,28.1,61,1011,13.0,200,20,0.0
14-01-23 18:23,24.9,25.4,73,1012,9.3,220,20,0.0
14-01-23 19:08,23.9,24.4,78,1012,7.4,220,20,0.0
14-01-23 20:08,23.0,23.3,74,1014,9.6,226,11,0.0
14-01-23 21:08,22.9,23.7,94,1014,3.7,0,9,0.0
14-01-23 22:10,21.9,22.6,94,1014,3.7,0,7,0.0
14-01-23 23:08,22.0,22.3,78,1013,7.5,236,6,0.0
15-01-23 00:09,20.9,21.7,100,1014,3.7,0,0,0.0
15-01-23 01:08,20.9,21.7,100,1013,3.7,0,0,0.0
15-01-23 02:08,20.9,21.7,100,1013,3.7,0,0,0.0
15-01-23 03:08,20.6,20.9,82,1011,6.2,297,0,0.0
15-01-23 04:08,20.4,20.6,82,1011,4.8,308,1,0.0
15-01-23 05:08,19.9,20.6,100,1012,3.7,0,2,0.0
15-01-23 07:31,18.9,19.5,100,1013,3.7,0,20,0.0
15-01-23 08:27,20.9,21.7,100,1014,5.5,240,20,0.0
15-01-23 09:08,21.9,22.8,100,1014,5.5,280,20,0.0
15-01-23 10:08,24.9,25.5,78,1015,7.4,270,20,0.0
15-01-23 11:06,26.9,28.7,69,1014,7.4,280,20,0.0
15-01-23 12:11,28.9,30.1,54,1013,9.3,250,20,0.0
15-01-23 13:08,27.5,28.4,56,1010,15.2,166,9,0.0
15-01-23 14:07,28.9,29.7,51,1010,13.0,160,40,0.0
15-01-23 15:07,27.9,29.1,57,1010,11.1,200,40,0.0
15-01-23 16:08,27.9,29.1,57,1010,11.1,200,40,0.0
15-01-23 17:08,27.9,29.5,61,1010,11.1,190,40,0.0
15-01-23 18:24,24.9,25.5,78,1011,5.5,210,40,0.0
15-01-23 19:08,23.9,24.6,83,1012,5.5,250,40,0.0
15-01-23 20:08,24.9,25.5,78,1013,5.5,240,40,0.0
15-01-23 21:08,23.9,24.6,83,1013,3.7,0,40,0.0
15-01-23 22:11,22.9,23.7,94,1013,3.7,0,20,0.0
15-01-23 23:08,21.9,22.8,100,1014,3.7,0,20,0.0
16-01-23 00:09,21.9,22.8,100,1013,3.7,0,20,0.0
16-01-23 01:08,21.6,21.9,80,1012,8.5,237,4,0.0
16-01-23 02:08,21.1,21.4,81,1012,8.0,251,7,0.0
16-01-23 03:08,20.8,21.1,83,1012,8.0,267,7,0.0
16-01-23 04:08,20.4,20.6,84,1012,7.4,279,6,0.0
16-01-23 05:08,20.2,20.4,84,1012,6.3,280,6,0.0
16-01-23 07:31,18.9,19.5,100,1014,3.7,0,20,0.0
16-01-23 08:26,20.9,21.5,94,1015,3.7,0,20,0.0
16-01-23 09:09,22.9,23.3,78,1016,3.7,0,20,0.0
16-01-23 10:12,25.9,26.1,57,1016,3.7,0,20,0.0
16-01-23 11:08,26.9,27.6,54,1015,9.3,230,20,0.0
16-01-23 12:10,28.9,29.0,45,1014,5.5,250,20,0.0
16-01-23 13:08,29.9,29.9,42,1013,7.4,250,20,0.0
16-01-23 14:12,29.9,30.7,48,1012,13.0,200,20,0.0
16-01-23 15:08,28.9,29.7,51,1012,13.0,230,40,0.0
16-01-23 16:10,27.9,28.5,51,1012,16.7,200,40,0.0
16-01-23 17:08,26.9,27.6,54,1012,14.8,200,20,0.0
16-01-23 18:30,24.9,25.4,73,1012,9.3,220,20,0.0
16-01-23 19:10,23.4,23.8,73,1014,10.8,204,0,0.0
16-01-23 20:08,23.9,24.4,78,1014,5.5,240,40,0.0
16-01-23 21:09,22.9,23.7,94,1014,3.7,0,40,0.0
16-01-23 22:15,22.9,23.7,94,1015,3.7,0,40,0.0
16-01-23 23:08,22.9,23.7,94,1015,3.7,0,40,0.0
17-01-23 00:11,21.9,22.8,100,1014,3.7,0,40,0.0
17-01-23 01:08,20.9,21.7,100,1014,3.7,0,20,0.0
17-01-23 02:08,20.9,21.7,100,1013,3.7,0,20,0.0
17-01-23 03:08,19.9,20.6,100,1012,3.7,0,20,0.0
17-01-23 04:08,20.8,21.1,82,1012,3.8,303,0,0.0
17-01-23 05:08,19.9,20.6,100,1012,3.7,0,20,0.0
17-01-23 07:30,18.9,19.5,100,1014,3.7,0,20,0.0
17-01-23 08:21,20.9,21.7,100,1015,5.5,230,11,0.0
17-01-23 09:09,22.9,23.7,94,1016,7.4,240,12,0.0
17-01-23 10:11,24.9,25.4,73,1016,13.0,260,20,0.0
17-01-23 11:08,25.9,26.4,69,1016,11.1,250,20,0.0
17-01-23 12:12,26.9,27.8,57,1014,12.9,167,4,0.0
17-01-23 13:09,27.9,28.8,54,1014,18.5,210,40,0.0
17-01-23 14:11,28.9,29.7,51,1013,16.7,210,40,0.0
17-01-23 15:10,28.9,30.1,54,1013,18.5,180,40,0.0
17-01-23 16:09,27.9,29.1,57,1013,14.8,190,20,0.0
17-01-23 17:06,24.6,24.9,68,1013,17.7,169,2,0.0
17-01-23 18:30,23.8,24.1,71,1014,13.2,179,0,0.0
17-01-23 19:06,24.9,25.4,73,1014,5.5,240,40,0.0
17-01-23 20:10,24.9,25.4,73,1015,3.7,0,40,0.0
17-01-23 21:11,22.9,23.6,88,1015,5.5,350,40,0.0
17-01-23 22:16,22.9,23.7,94,1016,3.7,0,40,0.0
17-01-23 23:10,21.9,22.8,100,1016,3.7,0,20,0.0
18-01-23 00:12,21.9,22.8,100,1016,3.7,0,20,0.0
18-01-23 01:10,20.9,21.7,100,1015,3.7,0,20,0.0
18-01-23 02:06,20.9,21.7,100,1015,3.7,0,20,0.0
18-01-23 03:10,19.9,20.6,100,1014,3.7,0,20,0.0
18-01-23 04:10,19.9,20.6,100,1014,3.7,0,20,0.0
18-01-23 05:10,19.9,20.6,100,1014,3.7,0,20,0.0
18-01-23 07:36,21.3,21.5,78,1017,4.9,319,0,0.0
18-01-23 08:28,21.9,22.6,94,1017,3.7,0,20,0.0
18-01-23 09:11,23.9,24.6,83,1018,3.7,0,0,0.0
18-01-23 10:13,25.9,26.1,57,1018,7.4,230,0,0.0
18-01-23 11:09,27.9,28.5,51,1018,11.1,230,0,0.0
18-01-23 12:14,27.9,28.1,47,1017,5.5,250,0,0.0
18-01-23 13:10,26.8,27.8,59,1014,17.2,166,0,0.0
18-01-23 14:09,28.9,29.4,48,1015,13.0,190,20,0.0
18-01-23 15:10,27.9,28.5,51,1014,16.7,190,20,0.0
18-01-23 16:11,25.4,25.7,65,1014,19.9,167,3,0.0
18-01-23 17:10,26.9,28.1,61,1014,11.1,200,20,0.0
18-01-23 18:29,24.9,25.3,69,1014,7.4,210,20,0.0
18-01-23 19:10,24.9,25.3,69,1015,7.4,210,20,0.0
18-01-23 20:10,23.9,24.4,78,1016,3.7,0,20,0.0
18-01-23 21:11,22.9,23.5,83,1017,3.7,0,20,0.0
18-01-23 22:18,22.9,23.5,83,1017,3.7,0,20,0.0
18-01-23 23:10,22.9,23.5,83,1017,3.7,0,20,0.0
19-01-23 00:13,21.9,22.6,94,1017,3.7,0,20,0.0
19-01-23 01:07,20.9,21.7,100,1016,3.7,0,20,0.0
19-01-23 02:10,20.9,21.7,100,1016,3.7,0,20,0.0
19-01-23 03:11,20.9,21.7,100,1015,3.7,0,20,0.0
19-01-23 04:10,20.6,20.9,83,1015,4.9,302,44,0.0
19-01-23 05:06,19.9,20.6,100,1015,3.7,0,40,0.0
19-01-23 07:37,19.9,20.6,100,1017,3.7,0,48,0.0
19-01-23 08:27,21.9,22.6,94,1018,5.5,240,48,0.0
19-01-23 09:11,23.9,24.6,83,1018,5.5,260,37,0.0
19-01-23 10:13,26.9,27.8,57,1018,5.5,310,43,0.0
19-01-23 11:11,26.9,27.8,57,1018,7.4,280,37,0.0
19-01-23 12:14,28.9,29.0,45,1016,5.5,240,20,0.0
19-01-23 13:10,29.9,30.2,45,1016,7.4,190,20,0.0
19-01-23 14:11,28.9,29.4,48,1014,13.0,200,40,0.0
19-01-23 15:10,29.9,29.9,42,1013,14.8,190,20,0.0
19-01-23 16:12,28.9,29.4,48,1013,14.8,120,20,0.0
19-01-23 17:11,27.9,28.5,51,1014,11.1,120,20,0.0
19-01-23 18:31,25.9,26.2,61,1014,3.7,0,20,0.0
19-01-23 19:11,25.9,26.2,61,1015,3.7,0,20,0.0
19-01-23 20:12,22.9,23.5,83,1016,3.7,0,20,0.0
19-01-23 21:12,21.9,22.6,94,1016,3.7,0,20,0.0
19-01-23 22:19,21.9,22.6,94,1016,3.7,0,20,0.0
19-01-23 23:11,21.9,22.6,94,1016,3.7,0,20,0.0
20-01-23 00:17,20.9,21.7,100,1016,3.7,0,20,0.0
20-01-23 01:11,20.9,21.5,94,1015,3.7,0,20,0.0
20-01-23 02:10,21.5,21.9,82,1014,3.9,4,18,0.0
20-01-23 03:09,20.9,21.5,94,1014,3.7,0,20,0.0
20-01-23 04:10,20.9,21.2,84,1014,5.3,344,16,0.0
20-01-23 05:10,19.9,20.6,100,1014,3.7,0,20,0.0
20-01-23 07:37,20.9,21.5,94,1016,3.7,0,40,0.0
20-01-23 08:25,22.9,23.5,83,1017,3.7,0,40,0.0
20-01-23 09:11,24.7,25.0,66,1018,7.5,31,7,0.0
20-01-23 10:13,26.0,26.0,61,1018,9.2,66,8,0.0
20-01-23 11:10,26.9,28.1,61,1018,7.4,290,40,0.0
20-01-23 12:12,28.9,30.1,54,1017,16.7,130,40,0.0
20-01-23 13:11,26.9,28.1,61,1016,13.0,150,40,0.0
20-01-23 14:09,26.6,26.6,60,1013,17.8,109,40,0.0
20-01-23 15:10,27.9,28.8,54,1014,14.8,120,40,0.0
20-01-23 16:11,27.9,28.8,54,1013,18.5,120,40,0.0
20-01-23 17:10,26.9,28.1,61,1013,14.8,110,40,0.0
20-01-23 18:30,24.9,25.4,73,1014,11.1,90,20,0.0
20-01-23 19:10,24.9,25.4,73,1014,11.1,90,20,0.0
20-01-23 20:11,23.9,24.6,83,1015,3.7,0,20,0.0
20-01-23 21:11,23.2,23.6,76,1017,5.4,99,36,0.0
20-01-23 22:18,22.9,23.6,88,1017,3.7,0,20,0.0
20-01-23 23:10,22.9,23.6,88,1017,3.7,0,20,0.0
21-01-23 00:13,22.9,23.6,88,1016,3.7,0,40,0.0
21-01-23 01:10,22.9,23.6,88,1016,3.7,0,40,0.0
21-01-23 02:10,22.1,22.5,82,1014,4.8,35,49,0.0
21-01-23 03:10,22.1,22.5,82,1014,5.7,24,56,0.0
21-01-23 04:06,22.0,22.4,82,1014,6.5,18,62,0.0
21-01-23 05:10,20.9,21.7,100,1014,3.7,0,40,0.0
21-01-23 07:30,19.9,20.6,100,1016,3.7,0,40,0.0
21-01-23 08:22,22.9,23.7,94,1016,5.5,300,20,0.0
21-01-23 09:10,23.9,24.7,88,1017,3.7,0,20,0.0
21-01-23 10:12,25.9,26.4,69,1017,3.7,0,20,0.0
21-01-23 11:10,27.9,29.1,57,1017,3.7,0,40,0.0
21-01-23 12:07,27.9,29.5,61,1016,3.7,0,75,0.0
21-01-23 13:10,27.9,29.5,61,1015,20.4,130,75,0.0
21-01-23 14:11,27.9,29.5,61,1013,18.5,130,75,0.0
21-01-23 15:10,27.9,29.5,61,1012,18.5,120,40,0.0
21-01-23 16:09,27.9,29.5,61,1012,16.7,110,40,0.0
21-01-23 17:10,26.9,28.7,69,1012,14.8,130,40,0.0
21-01-23 18:23,24.9,25.5,78,1013,9.3,110,40,0.0
21-01-23 19:10,24.9,25.5,78,1013,3.7,0,40,0.0
21-01-23 20:11,23.5,23.9,79,1016,5.4,157,11,0.0
21-01-23 21:10,23.9,24.7,88,1015,3.7,0,40,0.0
21-01-23 22:15,22.9,23.9,100,1015,3.7,0,40,0.0
21-01-23 23:10,22.9,23.7,94,1015,0.0,0,40,0.0
22-01-23 00:06,21.9,22.6,94,1014,0.0,0,40,0.0
22-01-23 01:09,22.0,22.4,83,1014,2.7,6,11,0.0
22-01-23 02:10,22.9,23.7,94,1014,0.0,0,40,0.0
22-01-23 03:10,21.5,21.9,85,1013,4.4,18,10,0.0
22-01-23 04:11,21.3,21.7,86,1013,5.9,17,10,0.0
22-01-23 05:10,20.9,21.7,100,1012,0.0,0,40,0.0
22-01-23 07:36,20.9,21.7,100,1014,5.5,230,75,0.0
22-01-23 08:28,22.9,23.7,94,1015,3.7,0,40,0.0
22-01-23 09:10,23.9,24.7,88,1016,5.5,290,40,0.0
22-01-23 10:12,25.9,26.4,69,1017,5.5,207,40,0.0
22-01-23 11:10,26.9,27.8,57,1016,9.3,60,40,0.0
22-01-23 12:11,28.9,29.7,51,1015,9.3,90,40,0.0
22-01-23 13:10,28.9,29.4,48,1014,16.7,90,40,0.0
22-01-23 14:11,28.9,30.1,54,1013,14.8,100,40,0.0
22-01-23 15:10,27.9,29.5,61,1012,16.7,90,40,0.0
22-01-23 16:10,27.9,29.5,61,1012,16.7,100,40,0.0
22-01-23 17:10,26.9,28.4,65,1012,14.8,100,20,0.0
22-01-23 18:25,24.9,25.1,61,1013,14.8,100,20,0.0
22-01-23 19:10,23.7,23.7,61,1014,8.9,86,23,0.0
22-01-23 20:11,23.9,24.2,69,1014,3.7,0,20,0.0
22-01-23 21:11,22.9,23.3,78,1015,3.7,0,20,0.0
22-01-23 22:15,21.9,22.5,88,1015,3.7,0,20,0.0
22-01-23 23:10,20.9,21.5,94,1015,3.7,0,20,0.0
23-01-23 00:11,19.9,20.4,94,1015,3.7,0,20,0.0
23-01-23 01:10,19.9,20.4,94,1014,3.7,0,20,0.0
23-01-23 02:10,21.0,21.0,69,1013,8.9,17,67,0.0
23-01-23 03:10,19.9,20.4,94,1014,3.7,0,20,0.0
23-01-23 04:10,20.4,20.4,72,1013,8.6,16,76,0.0
23-01-23 05:11,17.9,18.4,100,1013,3.7,0,40,0.0
23-01-23 07:32,17.9,18.4,100,1015,3.7,0,20,0.0
23-01-23 08:24,20.9,21.5,94,1015,3.7,0,20,0.0
23-01-23 09:10,22.9,23.5,83,1016,3.7,0,20,0.0
23-01-23 10:12,25.9,26.3,65,1016,11.1,70,20,0.0
23-01-23 11:11,27.9,28.1,47,1016,9.3,80,20,0.0
23-01-23 12:12,28.9,28.7,42,1015,13.0,90,23,0.0
23-01-23 13:11,29.9,28.6,28,1013,14.8,100,18,0.0
23-01-23 14:11,29.9,28.4,26,1012,13.0,90,40,0.0
23-01-23 15:10,28.9,27.9,32,1012,14.8,80,42,0.0
23-01-23 16:11,27.9,27.6,39,1012,14.8,80,35,0.0
23-01-23 17:11,27.9,27.9,44,1012,14.8,100,30,0.0
23-01-23 18:30,23.9,24.1,64,1013,11.1,90,3,0.0
23-01-23 19:10,23.9,24.2,69,1013,11.1,90,5,0.0
23-01-23 20:11,26.9,28.1,61,1014,3.7,0,19,0.0
23-01-23 21:11,19.9,20.4,94,1015,3.7,0,21,0.0
23-01-23 22:17,20.9,21.4,88,1015,3.7,0,18,0.0
23-01-23 23:10,19.9,20.4,94,1015,3.7,0,16,0.0
24-01-23 00:12,18.9,19.3,94,1015,3.7,0,8,0.0
24-01-23 01:10,18.9,19.2,88,1014,3.7,0,9,0.0
24-01-23 02:10,20.2,20.0,69,1013,5.9,354,9,0.0
24-01-23 03:10,16.9,17.3,100,1014,3.7,0,9,0.0
24-01-23 04:11,16.9,17.3,100,1014,3.7,0,9,0.0
24-01-23 05:10,19.4,19.2,70,1013,5.0,347,10,0.0
24-01-23 07:32,20.4,20.1,61,1015,4.4,347,24,0.0
24-01-23 08:23,18.9,19.0,82,1015,3.7,0,24,0.0
24-01-23 09:10,20.9,21.1,78,1016,3.7,0,21,0.0
24-01-23 10:12,25.9,26.1,57,1016,3.7,0,19,0.0
24-01-23 11:06,26.9,27.4,50,1016,11.1,220,18,0.0
24-01-23 12:12,28.9,28.5,39,1015,9.3,210,13,0.0
24-01-23 13:11,29.9,28.9,32,1014,13.0,130,20,0.0
24-01-23 14:11,29.9,28.9,32,1013,16.7,130,23,0.0
24-01-23 15:11,29.9,28.9,32,1013,16.7,140,35,0.0
24-01-23 16:10,28.9,28.1,34,1012,16.7,130,38,0.0
24-01-23 17:07,27.9,27.6,39,1012,13.0,120,48,0.0
24-01-23 18:29,23.9,24.0,60,1013,3.7,0,99,0.0
24-01-23 19:10,21.9,22.0,68,1013,3.7,0,100,0.0
24-01-23 20:10,19.9,19.9,73,1014,3.7,0,100,0.0
24-01-23 21:10,18.9,18.9,77,1015,3.7,0,97,0.0
24-01-23 22:14,17.9,17.9,82,1015,3.7,0,94,0.0
24-01-23 23:09,17.9,17.9,82,1015,3.7,0,87,0.0
25-01-23 00:12,17.9,18.1,88,1014,3.7,0,88,0.0
25-01-23 01:11,20.5,20.5,71,1014,3.7,327,82,0.0
25-01-23 02:10,15.9,16.0,94,1013,3.7,0,85,0.0
25-01-23 03:11,19.8,19.7,73,1013,6.4,344,75,0.0
25-01-23 04:10,15.9,16.2,100,1013,3.7,0,74,0.0
25-01-23 05:10,15.9,16.2,100,1013,3.7,0,31,0.0
25-01-23 07:33,20.2,19.8,56,1015,5.4,1,7,0.0
25-01-23 08:23,18.9,18.9,77,1015,3.7,0,6,0.0
25-01-23 09:10,20.9,20.7,60,1015,3.7,0,6,0.0
25-01-23 10:08,24.9,24.7,47,1016,5.5,260,5,0.0
25-01-23 11:10,27.9,27.6,39,1015,7.4,260,4,0.0
25-01-23 12:13,29.9,28.9,32,1014,9.3,90,1,0.0
25-01-23 13:10,27.7,27.3,38,1012,15.3,115,1,0.0
25-01-23 14:08,30.9,29.4,27,1012,14.8,120,2,0.0
25-01-23 15:10,30.9,29.6,29,1012,16.7,100,1,0.0
25-01-23 16:10,29.9,28.9,32,1011,16.7,130,1,0.0
25-01-23 17:10,29.9,28.9,32,1012,14.8,130,1,0.0
25-01-23 18:29,26.9,27.2,47,1013,7.4,90,0,0.0
25-01-23 19:10,24.9,25.0,57,1013,3.7,0,0,0.0
25-01-23 20:10,22.9,23.1,68,1014,3.7,0,0,0.0
25-01-23 21:11,18.9,18.8,72,1014,3.7,0,0,0.0
25-01-23 23:10,17.9,17.9,82,1014,3.7,0,20,0.0
26-01-23 00:12,16.9,17.1,94,1014,3.7,0,20,0.0
26-01-23 01:06,16.9,17.1,94,1013,3.7,0,20,0.0
26-01-23 02:10,16.9,17.1,94,1013,3.7,0,20,0.0
26-01-23 03:10,19.7,19.4,66,1012,6.0,346,7,0.0
26-01-23 04:10,19.4,19.1,65,1012,5.1,338,8,0.0
26-01-23 05:10,14.9,15.1,100,1013,3.7,0,20,0.0
26-01-23 07:32,20.5,20.1,60,1015,6.2,344,11,0.0
26-01-23 08:24,18.9,19.2,88,1015,3.7,0,8,0.0
26-01-23 09:10,25.0,24.8,47,1016,3.5,60,6,0.0
26-01-23 10:13,25.9,26.1,57,1015,5.5,230,5,0.0
26-01-23 11:10,28.9,28.5,39,1015,9.3,290,4,0.0
26-01-23 12:13,29.9,29.1,35,1013,16.7,130,0,0.0
26-01-23 13:08,29.9,29.1,35,1013,16.7,120,0,0.0
26-01-23 14:12,29.9,29.1,35,1012,20.4,130,0,0.0
26-01-23 15:10,29.9,29.1,35,1011,20.4,130,0,0.0
26-01-23 16:10,28.9,28.5,39,1011,16.7,130,0,0.0
26-01-23 17:10,28.9,28.5,39,1011,14.8,120,0,0.0
26-01-23 18:32,23.9,24.0,60,1012,11.1,110,0,0.0
26-01-23 19:12,23.9,24.0,60,1012,11.1,100,1,0.0
26-01-23 20:10,23.9,24.1,64,1013,3.7,0,1,0.0
26-01-23 21:07,19.9,20.2,83,1014,3.7,0,1,0.0
26-01-23 22:16,19.9,20.2,83,1015,3.7,0,2,0.0
26-01-23 23:10,18.9,19.2,88,1013,3.7,0,7,0.0
27-01-23 00:12,18.9,19.2,88,1015,3.7,0,62,0.0
27-01-23 01:10,17.9,18.2,94,1014,3.7,0,35,0.0
27-01-23 02:10,16.9,17.3,100,1014,3.7,0,24,0.0
27-01-23 03:11,20.3,20.2,68,1012,7.5,341,18,0.0
27-01-23 04:10,16.9,17.3,100,1013,3.7,0,14,0.0
27-01-23 05:10,19.8,19.5,67,1013,7.3,347,13,0.0
27-01-23 07:33,15.9,16.2,100,1014,3.7,0,61,0.0
27-01-23 08:27,18.9,18.9,77,1015,3.7,0,42,0.0
27-01-23 09:09,20.9,21.0,73,1015,3.7,0,32,0.0
27-01-23 10:12,24.9,24.8,50,1016,5.5,290,26,0.0
27-01-23 11:10,28.9,28.1,34,1015,3.7,0,23,0.0
27-01-23 12:13,30.9,29.6,29,1014,3.7,0,5,0.0
27-01-23 13:09,28.3,27.8,38,1012,14.2,114,4,0.0
27-01-23 14:07,31.9,30.3,25,1011,13.0,110,5,0.0
27-01-23 15:10,30.9,29.7,30,1011,14.8,130,9,0.0
27-01-23 16:10,30.9,29.3,25,1011,16.7,120,8,0.0
27-01-23 17:09,29.9,28.7,30,1011,7.4,130,7,0.0
27-01-23 18:28,25.9,25.7,41,1011,7.4,100,39,0.0
27-01-23 19:10,23.9,23.8,53,1011,7.4,100,22,0.0
27-01-23 20:09,21.9,21.9,64,1013,3.7,0,16,0.0
27-01-23 21:06,19.9,19.9,73,1014,3.7,0,15,0.0
27-01-23 22:17,18.9,18.9,77,1013,3.7,0,16,0.0
27-01-23 23:10,18.9,18.9,77,1013,3.7,0,18,0.0
28-01-23 00:12,17.9,17.9,82,1013,3.7,0,13,0.0
28-01-23 01:11,21.2,21.0,65,1012,5.5,11,14,0.0
28-01-23 02:10,17.9,18.2,94,1012,3.7,0,18,0.0
28-01-23 03:10,16.9,17.3,100,1012,3.7,0,20,0.0
28-01-23 04:10,20.2,20.0,68,1012,7.5,354,17,0.0
28-01-23 05:09,20.0,19.8,69,1012,6.9,351,18,0.0
28-01-23 07:34,15.9,16.2,100,1013,3.7,0,76,0.0
28-01-23 08:25,18.9,19.0,82,1014,3.7,0,65,0.0
28-01-23 09:10,21.9,21.9,64,1015,3.7,0,64,0.0
28-01-23 10:12,25.9,25.8,47,1015,5.5,260,53,0.0
28-01-23 11:10,29.9,29.1,35,1014,5.5,150,45,0.0
28-01-23 12:07,29.9,29.1,35,1013,14.8,130,4,0.0
28-01-23 13:10,30.9,30.4,37,1012,16.7,140,4,0.0
28-01-23 14:11,30.9,30.4,37,1011,16.7,100,3,0.0
28-01-23 15:10,30.9,31.1,42,1010,18.5,110,2,0.0
28-01-23 16:10,29.9,29.3,37,1010,18.5,130,2,0.0
28-01-23 17:10,28.9,29.4,48,1010,13.0,110,1,0.0
28-01-23 18:22,26.9,28.1,61,1011,11.1,110,0,0.0
28-01-23 19:10,24.9,25.4,73,1011,5.5,80,0,0.0
28-01-23 20:11,24.9,25.4,73,1012,3.7,0,0,0.0
28-01-23 21:10,23.9,24.6,83,1013,3.7,0,20,0.0
28-01-23 22:14,22.9,23.6,88,1013,3.7,0,40,0.0
28-01-23 23:07,21.9,22.6,94,1013,3.7,0,40,0.0
29-01-23 00:10,21.9,22.5,88,1012,3.7,0,20,0.0
29-01-23 01:06,20.9,21.5,94,1012,3.7,0,20,0.0
29-01-23 02:10,20.9,21.5,94,1011,3.7,0,40,0.0
29-01-23 03:10,20.9,21.5,94,1011,3.7,0,40,0.0
29-01-23 04:10,21.3,21.7,83,1011,7.3,9,16,0.0
29-01-23 05:10,19.9,20.6,100,1011,3.7,0,40,0.0
29-01-23 07:37,19.9,20.6,100,1013,3.7,0,40,0.0
29-01-23 08:29,22.9,23.6,88,1014,7.4,330,40,0.0
29-01-23 09:10,23.9,24.6,83,1014,7.4,40,20,0.0
29-01-23 10:08,26.9,28.7,69,1015,7.4,90,20,0.0
29-01-23 11:08,27.9,29.5,61,1014,11.1,50,20,0.0
29-01-23 12:11,29.9,30.7,48,1013,13.0,90,20,0.0
29-01-23 13:10,29.9,30.7,48,1012,16.7,100,20,0.0
29-01-23 14:07,28.1,28.9,54,1010,21.1,89,1,0.0
29-01-23 15:10,30.9,30.4,37,1010,18.5,100,0,0.0
29-01-23 16:10,28.9,29.7,51,1010,14.8,100,0,0.0
29-01-23 17:10,28.9,28.7,42,1010,14.8,90,0,0.0
29-01-23 18:25,25.9,26.4,69,1011,9.3,90,1,0.0
29-01-23 19:10,25.9,26.4,69,1011,9.3,80,1,0.0
29-01-23 20:10,24.9,25.5,78,1013,9.3,80,1,0.0
29-01-23 21:10,24.9,25.5,78,1014,9.3,70,1,0.0
29-01-23 22:12,23.3,23.7,77,1014,11.7,43,6,0.0
29-01-23 23:10,25.9,26.5,73,1013,7.4,80,9,0.0
30-01-23 01:10,23.9,24.7,88,1013,3.7,0,6,0.0
30-01-23 02:10,23.9,24.7,88,1012,3.7,0,20,0.0
30-01-23 03:10,22.9,23.7,94,1012,3.7,0,20,0.0
30-01-23 04:07,22.9,23.7,94,1012,3.7,0,20,0.0
30-01-23 05:10,22.9,23.7,94,1012,3.7,0,20,0.0
30-01-23 07:28,23.9,24.7,88,1014,9.3,20,20,0.0
30-01-23 08:22,24.9,25.5,78,1015,7.4,50,20,0.0
30-01-23 09:10,25.9,26.5,73,1016,9.3,60,20,0.0
30-01-23 10:12,26.9,28.4,65,1016,13.0,60,20,0.0
30-01-23 11:10,27.9,29.1,57,1016,13.0,50,40,0.0
30-01-23 12:13,27.9,29.1,57,1015,9.3,60,40,0.0
30-01-23 13:11,29.9,30.7,48,1014,16.7,90,40,0.0
30-01-23 14:13,29.9,30.2,45,1012,13.0,100,20,0.0
30-01-23 15:11,28.9,30.1,54,1012,20.4,100,20,0.0
30-01-23 16:11,27.9,29.5,61,1012,18.5,100,20,0.0
30-01-23 17:06,26.9,28.4,65,1012,16.7,100,20,0.0
30-01-23 18:32,25.9,26.5,73,1013,11.1,90,5,0.0
30-01-23 19:11,25.9,26.5,73,1014,14.8,100,4,0.0
30-01-23 20:10,24.9,25.7,83,1014,9.3,90,4,0.0
30-01-23 21:11,24.9,25.7,83,1014,7.4,70,4,0.0
30-01-23 22:18,23.9,24.8,94,1015,5.5,10,12,0.0
30-01-23 23:10,23.9,24.8,94,1014,3.7,0,13,0.0
31-01-23 00:13,23.9,24.8,94,1014,3.7,0,48,0.0
31-01-23 01:06,23.9,24.8,94,1013,3.7,0,98,0.0
31-01-23 02:11,23.9,24.8,94,1013,3.7,0,97,0.0
31-01-23 03:10,21.7,22.0,80,1012,8.9,8,98,0.0
31-01-23 04:10,22.9,23.7,94,1012,3.7,0,97,0.0
31-01-23 05:10,21.3,21.5,80,1013,7.7,11,96,0.0
31-01-23 07:37,23.9,24.6,83,1013,5.5,330,75,0.0
31-01-23 08:29,23.9,24.7,88,1014,3.7,0,75,0.0
31-01-23 09:07,23.9,24.7,88,1014,3.7,0,75,0.0
31-01-23 10:10,25.9,26.3,65,1015,3.7,0,75,0.0
31-01-23 11:10,27.9,28.5,51,1015,5.5,70,75,0.0
31-01-23 12:13,28.9,28.5,39,1013,11.1,90,75,0.0
31-01-23 13:10,28.9,28.7,42,1013,11.1,100,75,0.0
31-01-23 14:12,28.9,28.7,42,1011,16.7,100,75,0.0
31-01-23 15:09,29.9,29.9,42,1010,14.8,90,75,0.0
31-01-23 16:08,28.9,29.4,48,1010,16.7,100,40,0.0
31-01-23 17:10,27.9,28.5,51,1010,18.5,90,40,0.0
31-01-23 18:34,25.9,26.3,65,1011,16.7,100,40,0.0
31-01-23 19:11,25.9,26.3,65,1011,14.8,90,75,0.0
31-01-23 20:10,25.9,26.3,65,1012,13.0,90,75,0.0
31-01-23 21:10,24.9,25.3,69,1013,3.7,0,75,0.0
31-01-23 22:18,23.9,24.4,78,1013,3.7,0,40,0.0
31-01-23 23:10,23.9,24.4,78,1013,3.7,0,40,0.0
01-02-23 00:13,23.9,24.4,78,1012,3.7,0,40,0.0
01-02-23 01:10,22.9,23.3,78,1012,3.7,0,40,0.0
01-02-23 02:11,22.9,23.5,83,1012,3.7,0,40,0.0
01-02-23 03:10,23.5,23.5,60,1011,10.4,27,95,0.0
01-02-23 04:10,23.4,23.3,60,1011,9.1,30,96,0.0
01-02-23 05:11,23.1,23.1,61,1011,10.5,27,95,0.0
01-02-23 07:47,23.9,24.2,69,1012,3.7,0,40,0.0
01-02-23 08:38,23.9,24.2,69,1013,3.7,0,40,0.0
01-02-23 09:14,26.9,27.8,57,1014,7.4,90,40,0.0
01-02-23 10:13,27.9,28.5,51,1014,14.8,60,40,0.0
01-02-23 11:10,29.9,29.5,39,1014,9.3,60,40,0.0
01-02-23 12:11,30.9,30.2,35,1013,14.8,80,40,0.0
01-02-23 13:06,30.9,30.2,35,1012,9.3,90,40,0.0
01-02-23 14:13,30.9,30.8,40,1011,16.7,90,75,0.0
01-02-23 15:11,29.9,29.9,42,1011,14.8,100,75,0.0
01-02-23 16:10,27.9,28.8,54,1011,18.5,100,75,0.0
01-02-23 17:10,26.9,27.8,57,1011,18.5,90,75,0.0
01-02-23 18:31,26.9,28.1,61,1011,14.8,90,75,0.0
01-02-23 19:06,26.9,28.1,61,1011,14.8,90,75,0.0
01-02-23 20:11,25.9,26.2,61,1012,14.8,80,75,0.0
01-02-23 21:11,25.9,26.1,57,1013,9.3,80,75,0.0
01-02-23 22:13,24.9,25.2,65,1014,9.3,50,75,0.0
01-02-23 23:11,23.0,23.1,69,1013,9.5,18,55,0.0
02-02-23 00:13,21.9,22.2,78,1013,3.7,0,75,0.0
02-02-23 01:10,21.9,22.2,78,1013,3.7,0,40,0.0
02-02-23 02:11,20.9,21.3,83,1012,3.7,0,40,0.0
02-02-23 03:10,20.9,21.4,88,1012,3.7,0,40,0.0
02-02-23 04:10,19.9,20.4,94,1012,3.7,0,40,0.0
02-02-23 05:10,21.2,21.0,65,1012,8.8,26,44,0.0
02-02-23 07:37,22.5,22.3,57,1014,8.0,29,63,0.0
02-02-23 08:28,21.9,22.4,83,1014,3.7,0,40,0.0
02-02-23 09:08,21.9,22.2,78,1014,3.7,0,40,0.0
02-02-23 10:13,27.9,28.5,51,1014,7.4,220,64,0.0
02-02-23 11:08,27.9,28.5,51,1014,7.4,30,60,0.0
02-02-23 12:13,30.9,29.7,30,1013,11.1,60,45,0.0
02-02-23 13:06,30.9,29.7,30,1013,13.0,50,54,0.0
02-02-23 14:12,30.9,30.4,37,1012,22.2,110,40,0.0
02-02-23 15:10,29.9,29.5,39,1011,22.2,100,40,0.0
02-02-23 16:11,29.9,29.3,37,1011,20.4,100,40,0.0
02-02-23 17:07,27.9,28.8,54,1011,20.4,100,75,0.0
02-02-23 18:27,26.9,28.1,61,1011,18.5,100,7,0.0
02-02-23 19:10,25.9,26.4,69,1012,11.1,100,6,0.0
02-02-23 20:11,24.9,25.3,69,1013,9.3,80,6,0.0
02-02-23 21:09,24.9,25.4,73,1014,5.5,70,6,0.0
02-02-23 22:18,23.9,24.4,78,1015,3.7,0,40,0.0
02-02-23 23:10,22.9,23.6,88,1015,3.7,0,40,0.0
03-02-23 00:13,22.9,23.6,88,1014,3.7,0,40,0.0
03-02-23 01:10,21.8,21.9,73,1013,8.4,15,13,0.0
03-02-23 02:10,21.9,22.6,94,1013,3.7,0,40,0.0
03-02-23 03:10,21.1,21.1,74,1012,8.6,7,19,0.0
03-02-23 04:07,20.9,21.7,100,1013,3.7,0,40,0.0
03-02-23 05:10,20.6,20.7,74,1013,8.3,19,33,0.0
03-02-23 07:39,18.9,19.5,100,1014,3.7,0,20,0.0
03-02-23 08:31,21.9,22.6,94,1015,3.7,0,20,0.0
03-02-23 09:12,23.9,24.3,73,1015,3.7,0,20,0.0
03-02-23 10:13,26.9,27.2,47,1016,11.1,60,14,0.0
03-02-23 11:11,28.9,29.0,45,1016,11.1,90,13,0.0
03-02-23 12:13,28.9,29.0,45,1014,20.4,100,5,0.0
03-02-23 13:10,28.9,29.4,48,1013,20.4,100,6,0.0
03-02-23 14:13,28.9,29.4,48,1012,24.1,130,6,0.0
03-02-23 15:10,28.9,29.7,51,1011,24.1,130,6,0.0
03-02-23 16:10,27.9,28.1,47,1011,24.1,100,6,0.0
03-02-23 17:10,25.5,25.5,56,1012,15.0,105,7,0.0
03-02-23 18:29,25.9,26.1,57,1012,16.7,100,5,0.0
03-02-23 19:10,24.9,25.1,61,1012,13.0,90,4,0.0
03-02-23 20:10,23.9,24.2,69,1013,3.7,0,4,0.0
03-02-23 21:06,22.9,23.2,73,1014,3.7,0,4,0.0
03-02-23 22:18,20.9,21.4,88,1014,3.7,0,4,0.0
03-02-23 23:10,20.9,21.3,83,1014,3.7,0,3,0.0
04-02-23 00:13,19.9,20.4,94,1014,3.7,0,2,0.0
04-02-23 01:10,19.9,20.4,94,1013,3.7,0,4,0.0
04-02-23 02:11,21.1,21.0,67,1012,6.0,350,4,0.0
04-02-23 03:08,18.9,19.5,100,1012,3.7,0,4,0.0
04-02-23 04:10,20.4,20.3,69,1012,5.2,340,5,0.0
04-02-23 05:10,20.2,20.1,69,1012,4.7,341,5,0.0
04-02-23 07:28,21.3,21.1,62,1014,5.0,354,6,0.0
04-02-23 08:21,23.5,23.4,54,1015,3.4,17,6,0.0
04-02-23 09:10,22.9,23.1,68,1014,3.7,0,6,0.0
04-02-23 10:12,26.9,27.4,50,1015,3.7,0,6,0.0
04-02-23 11:10,27.9,27.9,44,1014,9.3,300,6,0.0
04-02-23 12:11,28.9,29.0,45,1013,13.0,130,7,0.0
04-02-23 13:10,29.9,29.3,37,1012,16.7,130,6,0.0
04-02-23 14:11,30.9,29.7,30,1011,18.5,120,6,0.0
04-02-23 15:11,29.9,28.4,26,1010,18.5,100,6,0.0
04-02-23 16:10,29.9,28.4,25,1009,18.5,110,5,0.0
04-02-23 17:09,28.9,27.9,32,1010,18.5,110,5,0.0
04-02-23 18:23,26.9,27.0,44,1010,13.0,100,4,0.0
04-02-23 19:10,24.9,25.0,57,1011,5.5,90,4,0.0
04-02-23 20:10,22.9,23.1,68,1012,3.7,0,5,0.0
04-02-23 21:10,21.9,22.1,73,1013,3.7,0,5,0.0
04-02-23 22:15,22.9,23.1,68,1013,3.7,0,5,0.0
04-02-23 23:10,19.9,20.2,83,1013,3.7,0,4,0.0
05-02-23 00:11,18.9,19.0,82,1013,3.7,0,2,0.0
05-02-23 01:10,18.9,19.0,82,1012,3.7,0,3,0.0
05-02-23 02:11,17.9,18.1,88,1012,3.7,0,4,0.0
05-02-23 03:10,16.9,17.1,94,1011,3.7,0,4,0.0
05-02-23 04:10,20.3,20.3,72,1011,5.8,340,5,0.0
05-02-23 05:06,20.1,20.1,72,1011,4.8,343,5,0.0
05-02-23 07:39,15.9,16.2,100,1012,3.7,0,6,0.0
05-02-23 08:33,19.9,19.9,73,1013,3.7,0,6,0.0
05-02-23 09:10,21.9,22.0,68,1014,3.7,0,6,0.0
05-02-23 10:12,25.9,25.9,50,1014,3.7,0,5,0.0
05-02-23 11:06,28.9,27.9,32,1013,7.4,330,5,0.0
05-02-23 12:07,29.9,28.6,28,1012,13.0,130,4,0.0
05-02-23 13:10,28.9,28.5,39,1012,20.4,130,0,0.0
05-02-23 14:11,29.9,28.7,30,1011,16.7,130,0,0.0
05-02-23 15:08,28.9,28.3,37,1010,18.5,120,0,0.0
05-02-23 16:10,27.9,28.1,47,1010,18.5,130,0,0.0
05-02-23 17:10,27.9,27.8,42,1010,18.5,130,0,0.0
05-02-23 18:26,24.9,25.4,73,1011,9.3,120,0,0.0
05-02-23 19:10,23.9,24.4,78,1011,3.7,0,0,0.0
05-02-23 20:10,22.9,23.6,88,1012,3.7,0,0,0.0
05-02-23 21:09,21.9,22.6,94,1013,3.7,0,1,0.0
05-02-23 22:12,23.1,23.2,67,1013,2.1,173,2,0.0
05-02-23 23:10,22.7,22.8,68,1013,1.4,196,2,0.0
06-02-23 00:11,20.9,21.7,100,1013,3.7,0,5,0.0
06-02-23 01:10,19.9,20.6,100,1013,3.7,0,5,0.0
06-02-23 02:10,21.4,21.5,72,1012,3.6,323,8,0.0
06-02-23 03:10,21.1,21.2,73,1011,3.1,308,27,0.0
06-02-23 04:11,20.8,20.9,74,1012,4.1,317,34,0.0
06-02-23 05:10,17.9,18.4,100,1012,3.7,0,34,0.0
06-02-23 07:31,17.9,18.4,100,1013,3.7,0,9,0.0
06-02-23 08:24,20.9,21.4,88,1015,3.7,0,8,0.0
06-02-23 09:10,22.9,23.3,78,1015,3.7,220,8,0.0
06-02-23 10:13,25.9,26.2,61,1015,3.7,0,9,0.0
06-02-23 11:09,27.9,28.1,47,1014,3.7,0,9,0.0
06-02-23 12:13,28.0,28.1,46,1012,12.2,151,38,0.0
06-02-23 13:10,28.9,30.6,58,1012,18.5,110,53,0.0
06-02-23 14:13,29.9,30.7,48,1011,9.3,90,20,0.0
06-02-23 15:10,29.9,30.2,45,1010,16.7,90,20,0.0
06-02-23 16:11,29.9,30.2,45,1010,16.7,100,20,0.0
06-02-23 17:10,28.9,27.9,32,1009,11.1,100,70,0.0
06-02-23 18:36,26.9,27.4,50,1010,9.3,60,86,0.0
06-02-23 19:14,22.9,23.1,68,1011,3.7,0,70,0.0
06-02-23 20:10,22.9,23.2,73,1011,3.7,0,48,0.0
06-02-23 21:11,21.9,22.2,78,1012,3.7,0,36,0.0
06-02-23 22:17,20.9,21.5,94,1010,3.7,0,29,0.0
06-02-23 23:10,20.9,21.5,94,1012,3.7,0,26,0.0
07-02-23 00:10,20.9,21.5,94,1011,3.7,0,81,0.0
07-02-23 01:10,21.5,21.6,72,1011,4.5,248,38,0.0
07-02-23 02:10,21.2,21.2,73,1010,5.1,249,44,0.0
07-02-23 03:06,20.9,21.5,94,1011,3.7,0,39,0.0
07-02-23 04:10,19.9,20.6,100,1010,3.7,0,34,0.0
07-02-23 05:10,20.1,20.2,76,1011,4.2,302,36,0.0
07-02-23 07:32,19.9,20.6,100,1012,3.7,0,90,0.0
07-02-23 08:19,21.9,22.5,88,1013,3.7,0,87,0.0
07-02-23 09:11,22.9,23.5,83,1013,3.7,0,69,0.0
07-02-23 10:13,25.9,26.4,69,1014,9.3,240,55,0.0
07-02-23 11:10,27.9,28.8,54,1014,11.1,240,40,0.0
07-02-23 12:13,28.9,29.0,45,1012,11.1,210,20,0.0
07-02-23 13:10,29.9,30.2,45,1012,11.1,210,20,0.0
07-02-23 14:13,29.9,30.2,45,1010,13.0,210,77,0.0
07-02-23 15:10,29.9,30.2,45,1010,14.8,200,71,0.0
07-02-23 16:10,29.9,30.2,45,1010,16.7,200,68,0.0
07-02-23 17:08,28.9,29.7,51,1010,9.3,180,59,0.0
07-02-23 18:30,26.9,27.8,57,1011,7.4,190,73,0.0
07-02-23 19:10,25.9,26.2,61,1011,3.7,0,78,0.0
07-02-23 20:10,24.9,25.4,73,1012,3.7,0,82,0.0
07-02-23 21:11,22.9,23.5,83,1012,3.7,0,85,0.0
07-02-23 22:19,21.9,22.5,88,1012,3.7,0,82,0.0
07-02-23 23:10,20.9,21.7,100,1012,3.7,0,20,0.0
08-02-23 00:13,21.9,22.8,100,1012,3.7,0,20,0.0
08-02-23 01:10,21.9,22.8,100,1012,3.7,0,20,0.0
08-02-23 02:10,20.9,21.7,100,1011,3.7,0,20,0.0
08-02-23 03:10,21.2,21.5,81,1011,4.5,293,7,0.0
08-02-23 04:10,19.9,20.6,100,1011,3.7,0,20,0.0
08-02-23 05:10,19.9,20.6,100,1011,3.7,0,23,0.0
08-02-23 07:38,19.9,20.6,100,1012,3.7,0,25,0.0
08-02-23 08:31,21.9,22.8,100,1013,5.5,220,20,0.0
08-02-23 09:07,23.9,24.7,88,1014,5.5,230,20,0.0
08-02-23 10:14,27.9,30.4,69,1014,5.5,240,20,0.0
08-02-23 11:10,28.9,31.1,61,1014,7.4,220,20,0.0
08-02-23 12:13,29.9,33.1,62,1012,13.0,120,40,0.0
08-02-23 13:07,29.9,33.1,62,1012,16.7,120,40,0.0
08-02-23 14:12,29.9,33.1,62,1011,14.8,130,40,0.0
08-02-23 15:08,27.1,28.1,58,1009,21.0,159,89,0.0
08-02-23 16:13,26.3,26.3,61,1009,20.3,167,77,0.0
08-02-23 17:06,27.9,29.9,65,1010,13.0,200,20,0.0
08-02-23 18:31,25.9,26.6,78,1011,11.1,190,20,0.0
08-02-23 19:11,25.9,26.6,78,1011,7.4,230,20,0.0
08-02-23 20:10,24.9,25.7,83,1012,5.5,270,20,0.0
08-02-23 21:11,24.9,25.7,83,1013,3.7,0,20,0.0
08-02-23 22:19,23.9,24.7,88,1013,3.7,0,20,0.0
08-02-23 23:11,23.9,24.7,88,1013,3.7,0,20,0.0
09-02-23 00:14,22.9,23.7,94,1012,3.7,0,20,0.0
09-02-23 01:11,22.9,23.9,100,1012,3.7,0,20,0.0
09-02-23 02:10,22.9,23.9,100,1011,3.7,0,20,0.0
09-02-23 03:10,21.2,21.4,80,1010,4.2,309,83,0.0
09-02-23 04:10,20.9,21.2,81,1011,4.9,319,82,0.0
09-02-23 05:10,20.8,21.0,81,1011,3.9,305,79,0.0
09-02-23 07:38,20.9,21.7,100,1012,3.7,0,26,0.0
09-02-23 08:31,22.9,23.9,100,1013,3.7,0,23,0.0
09-02-23 09:11,24.9,25.8,88,1013,3.7,0,20,0.0
09-02-23 10:13,27.9,29.5,61,1014,3.7,0,18,0.0
09-02-23 11:10,27.9,29.5,61,1014,3.7,0,17,0.0
09-02-23 12:11,29.9,31.6,54,1013,3.7,0,39,0.0
09-02-23 13:10,30.9,32.7,51,1012,13.0,120,50,0.0
09-02-23 14:13,30.9,32.7,51,1011,16.7,100,20,0.0
09-02-23 15:10,27.4,28.3,57,1010,21.1,168,61,0.0
09-02-23 16:08,29.9,31.1,51,1010,13.0,200,20,0.0
09-02-23 17:10,28.9,30.1,54,1010,14.8,200,61,0.0
09-02-23 18:32,26.9,28.4,65,1011,9.3,170,100,0.0
09-02-23 19:14,26.9,28.4,65,1012,11.1,200,100,0.0
09-02-23 20:10,25.9,26.4,69,1013,3.7,0,96,0.0
09-02-23 21:12,23.9,24.6,83,1014,3.7,0,91,0.0
09-02-23 22:20,23.9,24.7,88,1014,3.7,0,82,0.0
09-02-23 23:10,23.9,24.7,88,1014,3.7,0,73,0.0
10-02-23 00:12,22.9,23.7,94,1014,3.7,0,10,0.0
10-02-23 01:10,22.0,22.3,77,1013,5.2,267,6,0.0
10-02-23 02:10,21.6,21.9,78,1012,5.6,280,5,0.0
10-02-23 03:10,20.9,21.7,100,1012,3.7,0,10,0.0
10-02-23 04:11,21.1,21.3,79,1012,5.7,288,25,0.0
10-02-23 05:11,20.9,21.7,100,1012,3.7,0,25,0.0
10-02-23 07:37,21.8,22.0,76,1015,5.9,297,72,0.0
10-02-23 08:36,22.9,23.7,94,1015,3.7,0,68,0.0
10-02-23 09:14,24.9,25.5,78,1015,3.7,0,70,0.0
10-02-23 10:12,26.9,28.1,61,1015,3.7,0,64,0.0
10-02-23 11:06,28.9,30.1,54,1015,3.7,0,69,0.0
10-02-23 12:13,29.9,32.3,58,1014,13.0,110,20,0.0
10-02-23 13:08,29.9,32.3,58,1013,14.8,110,20,0.0
10-02-23 14:11,29.9,31.6,54,1012,13.0,120,20,0.0
10-02-23 15:10,29.9,31.6,54,1011,13.0,110,20,0.0
10-02-23 16:09,29.9,30.7,48,1010,13.0,100,20,0.0
10-02-23 17:11,28.9,30.1,54,1011,7.4,130,20,0.0
10-02-23 18:30,26.9,28.1,61,1012,9.3,210,20,0.0
10-02-23 19:11,26.9,28.1,61,1012,5.5,210,20,0.0
10-02-23 20:10,25.9,26.4,69,1013,3.7,0,20,0.0
10-02-23 21:11,24.9,25.3,69,1014,3.7,0,20,0.0
10-02-23 22:19,21.9,22.6,94,1014,3.7,0,15,0.0
10-02-23 23:10,23.9,24.8,94,1015,3.7,0,13,0.0
11-02-23 00:14,23.9,24.8,94,1015,3.7,0,10,0.0
11-02-23 01:10,22.9,23.9,100,1014,3.7,0,15,0.0
11-02-23 02:10,21.9,22.8,100,1013,3.7,0,29,0.0
11-02-23 03:10,21.4,21.7,82,1012,6.1,308,24,0.0
11-02-23 04:10,21.2,21.4,81,1012,5.0,313,21,0.0
11-02-23 05:10,21.0,21.3,81,1012,4.5,315,18,0.0
11-02-23 07:31,20.9,21.7,100,1014,3.7,0,40,0.0
11-02-23 08:25,22.9,23.7,94,1015,5.5,250,20,0.0
11-02-23 09:10,24.9,25.7,83,1015,7.4,290,20,0.0
11-02-23 10:13,27.9,30.4,69,1015,11.1,280,20,0.0
11-02-23 11:10,28.9,31.1,61,1015,11.1,250,20,0.0
11-02-23 12:12,31.9,33.2,45,1014,9.3,240,20,0.0
11-02-23 13:10,32.9,33.7,40,1012,9.3,130,20,0.0
11-02-23 14:12,32.9,35.9,49,1011,9.3,80,20,0.0
11-02-23 15:10,32.9,35.1,46,1011,9.3,120,20,0.0
11-02-23 16:10,30.9,32.7,51,1010,19.9,173,20,0.0
11-02-23 17:10,29.9,31.6,54,1010,13.0,230,20,0.0
11-02-23 18:23,26.9,29.1,74,1011,7.4,250,20,0.0
11-02-23 19:10,26.9,29.1,74,1011,5.5,270,20,0.0
11-02-23 20:10,24.9,25.8,88,1012,3.7,0,20,0.0
11-02-23 21:10,24.9,25.8,88,1013,3.7,0,20,0.0
11-02-23 22:16,24.9,25.8,88,1014,3.7,0,20,0.0
11-02-23 23:10,24.9,25.8,88,1014,3.7,0,20,0.0
12-02-23 00:11,23.9,25.0,100,1013,3.7,0,20,0.0
12-02-23 01:06,23.9,25.0,100,1013,3.7,0,85,0.0
12-02-23 02:10,22.3,22.7,80,1012,5.9,255,83,0.0
12-02-23 03:10,22.1,22.5,81,1012,5.8,260,83,0.0
12-02-23 04:10,21.9,22.3,81,1012,5.0,280,86,0.0
12-02-23 05:10,21.8,22.1,80,1013,4.7,273,88,0.0
12-02-23 07:38,24.9,25.9,94,1013,3.7,0,75,0.0
12-02-23 08:29,25.9,27.0,94,1014,3.7,0,75,0.0
12-02-23 09:11,25.9,26.9,89,1014,3.7,0,75,0.0
12-02-23 10:12,26.9,29.9,83,1015,3.7,0,40,0.0
12-02-23 11:06,27.9,31.1,74,1015,3.7,0,20,0.0
12-02-23 12:12,30.9,34.2,58,1014,3.7,0,20,0.0
12-02-23 13:10,31.9,36.4,58,1013,11.1,160,20,0.0
12-02-23 14:12,31.9,35.5,55,1013,11.1,200,20,0.0
12-02-23 15:11,28.9,30.0,53,1010,20.2,171,7,0.0
12-02-23 16:10,29.9,32.3,58,1011,14.8,200,8,0.0
12-02-23 17:10,29.9,31.1,51,1011,9.3,230,8,0.0
12-02-23 18:23,27.9,31.1,74,1012,11.1,220,9,0.0
12-02-23 19:09,26.9,29.9,83,1012,14.8,230,7,0.0
12-02-23 20:10,25.9,27.0,94,1013,14.8,260,12,0.0
12-02-23 21:07,25.9,27.0,94,1013,5.5,300,10,0.0
12-02-23 22:16,24.9,26.1,100,1014,3.7,0,8,0.0
12-02-23 23:10,24.9,26.1,100,1014,3.7,0,7,0.0
13-02-23 00:11,23.9,25.0,100,1013,3.7,0,0,0.0
13-02-23 01:10,23.9,25.0,100,1013,3.7,0,0,0.0
13-02-23 02:06,23.9,25.0,100,1013,3.7,0,0,0.0
13-02-23 03:10,22.9,23.9,100,1012,3.7,0,12,0.0
13-02-23 04:08,21.9,22.8,100,1012,3.7,0,19,0.0
13-02-23 05:10,22.9,23.9,100,1012,3.7,0,22,0.0
13-02-23 07:38,20.9,21.7,100,1014,5.5,290,40,0.0
13-02-23 08:32,20.9,21.7,100,1015,3.7,0,40,0.0
13-02-23 09:13,27.4,27.2,40,1016,9.3,60,7,0.0
13-02-23 10:14,28.9,28.5,39,1016,11.1,140,7,0.0
13-02-23 11:09,29.9,29.3,37,1015,9.3,50,7,0.0
13-02-23 12:13,32.9,31.0,22,1015,14.8,90,4,0.0
13-02-23 13:08,32.9,31.3,25,1014,14.8,100,2,0.0
13-02-23 14:14,31.9,30.3,25,1012,22.2,120,1,0.0
13-02-23 15:10,31.9,30.4,27,1012,24.1,110,1,0.0
13-02-23 16:12,30.9,30.2,35,1011,20.4,130,1,0.0
13-02-23 17:10,28.9,28.7,42,1011,16.7,120,1,0.0
13-02-23 18:31,26.9,27.6,54,1013,9.3,110,0,0.0
13-02-23 19:11,25.9,26.1,57,1013,7.4,110,0,0.0
13-02-23 20:11,24.9,25.1,61,1014,3.7,0,0,0.0
13-02-23 21:12,22.9,23.1,68,1014,3.7,0,0,0.0
13-02-23 22:15,21.9,22.2,78,1015,3.7,0,0,0.0
13-02-23 23:09,21.9,22.2,78,1015,3.7,0,0,0.0
14-02-23 00:31,20.9,21.3,83,1015,3.7,0,0,0.0
14-02-23 01:12,19.9,20.4,94,1014,3.7,0,0,0.0
14-02-23 02:11,19.9,20.4,94,1014,3.7,0,0,0.0
14-02-23 03:10,21.4,21.5,72,1013,4.9,328,0,0.0
14-02-23 04:11,19.9,20.6,100,1013,3.7,0,0,0.0
14-02-23 05:11,19.9,20.6,100,1013,3.7,0,0,0.0
14-02-23 07:40,18.9,19.3,94,1015,3.7,0,2,0.0
14-02-23 08:32,22.9,23.3,78,1016,3.7,0,1,0.0
14-02-23 09:12,23.9,24.3,73,1016,3.7,0,1,0.0
14-02-23 10:14,26.9,27.8,57,1016,9.3,290,1,0.0
14-02-23 11:10,28.9,29.0,45,1016,9.3,290,20,0.0
14-02-23 12:14,30.9,30.8,40,1014,9.3,150,20,0.0
14-02-23 13:10,29.5,29.4,42,1011,13.9,152,3,0.0
14-02-23 14:15,30.9,30.8,40,1011,16.7,120,20,0.0
14-02-23 15:10,30.9,30.2,35,1011,16.7,110,20,0.0
14-02-23 16:12,29.9,29.5,39,1010,16.7,130,20,0.0
14-02-23 17:05,28.9,28.7,42,1010,11.1,140,3,0.0
14-02-23 18:34,26.9,27.8,57,1011,5.5,190,0,0.0
14-02-23 19:13,25.9,26.3,65,1012,7.4,250,0,0.0
14-02-23 20:11,24.0,24.2,67,1013,7.7,201,0,0.0
14-02-23 21:09,23.9,24.4,78,1013,3.7,0,0,0.0
14-02-23 22:19,22.9,23.5,83,1013,3.7,0,0,0.0
14-02-23 23:11,22.9,23.5,83,1013,3.7,0,0,0.0
15-02-23 00:11,21.9,22.6,94,1013,3.7,0,0,0.0
15-02-23 01:11,20.9,21.7,100,1013,3.7,0,0,0.0
15-02-23 02:10,20.9,21.7,100,1012,3.7,0,0,0.0
15-02-23 03:10,21.1,21.2,75,1011,5.0,300,0,0.0
15-02-23 04:10,20.7,20.8,75,1011,5.2,297,0,0.0
15-02-23 05:11,20.4,20.5,75,1011,5.4,299,0,0.0
15-02-23 07:40,19.9,20.6,100,1013,3.7,0,0,0.0
15-02-23 08:33,22.9,23.5,83,1013,3.7,0,0,0.0
15-02-23 09:12,23.9,24.4,78,1013,3.7,0,0,0.0
15-02-23 10:13,27.9,29.1,57,1014,7.4,320,0,0.0
15-02-23 11:10,28.9,29.7,51,1014,7.4,20,0,0.0
15-02-23 12:14,29.9,31.1,51,1012,14.8,120,0,0.0
15-02-23 13:10,30.9,32.1,48,1012,20.4,120,0,0.0
15-02-23 14:14,29.9,29.9,42,1010,18.5,120,0,0.0
15-02-23 15:10,30.9,31.1,42,1010,18.5,130,0,0.0
15-02-23 16:12,27.1,27.8,55,1010,20.5,165,0,0.0
15-02-23 17:10,26.3,26.3,58,1010,16.3,175,0,0.0
15-02-23 18:32,26.9,28.1,61,1010,5.5,190,0,0.0
15-02-23 19:12,25.9,26.4,69,1011,5.5,240,0,0.0
15-02-23 20:11,25.9,26.4,69,1011,7.4,220,0,0.0
15-02-23 21:12,23.9,24.6,83,1012,3.7,0,0,0.0
15-02-23 22:20,23.9,24.8,94,1013,3.7,0,0,0.0
15-02-23 23:10,22.9,23.9,100,1013,3.7,0,0,0.0
16-02-23 00:14,22.9,23.9,100,1013,3.7,0,0,0.0
16-02-23 01:10,22.9,23.9,100,1012,3.7,0,0,0.0
16-02-23 02:11,21.9,22.8,100,1012,3.7,0,0,0.0
16-02-23 03:10,21.9,22.8,100,1011,3.7,0,0,0.0
16-02-23 04:09,20.9,21.7,100,1011,3.7,0,0,0.0
16-02-23 05:10,20.9,21.7,100,1011,3.7,0,0,0.0
16-02-23 07:38,22.1,22.2,73,1014,3.7,288,0,0.0
16-02-23 08:30,21.9,22.8,100,1013,3.7,0,0,0.0
16-02-23 09:12,23.9,24.6,83,1014,3.7,0,0,0.0
16-02-23 10:11,26.9,28.1,61,1014,11.1,240,0,0.0
16-02-23 11:10,29.9,29.5,39,1014,5.5,260,0,0.0
16-02-23 12:12,30.9,30.8,40,1013,11.1,100,1,0.0
16-02-23 13:10,31.9,32.8,43,1012,13.0,140,1,0.0
16-02-23 14:14,31.9,32.8,43,1011,19.3,162,1,0.0
16-02-23 15:10,31.9,31.7,37,1010,18.5,220,1,0.0
16-02-23 16:12,31.9,31.7,37,1010,14.8,190,1,0.0
16-02-23 17:08,29.9,30.7,48,1010,14.8,170,1,0.0
16-02-23 18:31,26.9,28.7,69,1011,11.1,190,20,0.0
16-02-23 19:15,25.9,26.5,73,1012,5.5,200,20,0.0
16-02-23 20:10,25.9,26.6,78,1012,5.5,230,20,0.0
16-02-23 21:11,25.9,26.5,73,1013,9.3,230,20,0.0
16-02-23 22:20,23.9,24.6,83,1014,3.7,0,20,0.0
16-02-23 23:10,23.9,24.7,88,1014,3.7,0,20,0.0
17-02-23 00:13,23.9,24.7,88,1014,3.7,0,20,0.0
17-02-23 01:07,23.9,24.7,88,1014,3.7,0,20,0.0
17-02-23 02:10,23.9,24.7,88,1012,3.7,0,20,0.0
17-02-23 03:10,22.9,23.6,88,1013,3.7,0,20,0.0
17-02-23 04:09,21.6,21.9,80,1012,5.5,270,0,0.0
17-02-23 05:08,22.9,23.9,100,1012,3.7,0,20,0.0
17-02-23 07:37,21.9,22.8,100,1014,3.7,0,20,0.0
17-02-23 08:34,24.9,25.8,88,1015,3.7,0,20,0.0
17-02-23 09:13,25.9,26.6,78,1015,3.7,0,20,0.0
17-02-23 10:14,26.9,28.7,69,1016,5.5,270,40,0.0
17-02-23 11:10,27.9,30.4,69,1015,9.3,230,40,0.0
17-02-23 12:14,28.2,29.0,54,1013,17.1,166,1,0.0
17-02-23 13:10,29.9,31.1,51,1013,13.0,180,40,0.0
17-02-23 14:13,28.9,30.1,54,1012,18.5,190,40,0.0
17-02-23 15:10,29.9,31.1,51,1011,16.7,180,40,0.0
17-02-23 16:12,28.9,30.1,54,1011,16.7,170,20,0.0
17-02-23 17:10,26.9,28.1,61,1011,18.5,160,20,0.0
17-02-23 18:30,26.9,28.1,61,1012,14.8,180,20,0.0
17-02-23 19:11,25.9,26.4,69,1012,13.0,180,20,0.0
17-02-23 20:09,25.9,26.4,69,1013,5.5,220,20,0.0
17-02-23 21:11,24.9,25.5,78,1014,5.5,280,20,0.0
17-02-23 22:16,24.9,25.5,78,1014,3.7,0,20,0.0
17-02-23 23:11,23.9,24.6,83,1014,3.7,0,20,0.0
18-02-23 00:13,23.9,24.7,88,1014,3.7,0,20,0.0
18-02-23 01:10,23.9,24.7,88,1014,3.7,0,20,0.0
18-02-23 02:10,23.9,24.8,94,1013,3.7,0,20,0.0
18-02-23 03:10,22.4,22.8,80,1013,2.1,304,32,0.0
18-02-23 04:11,24.9,25.7,83,1012,3.7,0,75,0.0
18-02-23 05:10,23.9,24.8,94,1013,3.7,0,75,0.0
18-02-23 07:35,23.9,24.8,94,1014,3.7,0,75,0.0
18-02-23 08:24,25.9,26.6,78,1015,5.5,300,75,0.0
18-02-23 10:22,25.5,25.8,65,1016,2.5,136,94,0.0
18-02-23 11:10,26.9,28.4,65,1016,11.1,170,40,0.0
18-02-23 12:12,27.9,29.5,61,1015,14.8,150,40,0.0
18-02-23 13:05,27.9,29.5,61,1014,18.5,120,40,0.0
18-02-23 14:12,27.9,29.5,61,1013,14.8,120,75,0.0
18-02-23 15:10,25.9,26.4,69,1012,14.8,120,75,0.0
18-02-23 16:10,25.9,26.4,69,1011,16.7,120,75,0.0
18-02-23 17:10,27.9,29.5,61,1012,16.7,120,75,0.0
18-02-23 18:27,25.9,26.3,65,1012,9.3,200,75,0.0
18-02-23 19:08,25.9,26.3,65,1013,11.1,200,75,0.0
18-02-23 20:10,25.9,26.4,69,1013,3.7,0,75,0.0
18-02-23 21:10,24.9,25.5,78,1014,3.7,0,75,0.0
18-02-23 22:17,24.9,25.7,83,1015,3.7,0,75,0.0
18-02-23 23:10,24.9,25.7,83,1015,3.7,0,40,0.0
19-02-23 00:08,24.9,25.7,83,1014,3.7,0,40,0.0
19-02-23 01:10,23.9,24.7,88,1014,3.7,0,40,0.0
19-02-23 02:11,23.9,24.7,88,1013,3.7,0,40,0.0
19-02-23 03:10,22.3,22.7,80,1013,2.2,255,2,0.0
19-02-23 04:10,22.1,22.5,81,1013,2.2,283,5,0.0
19-02-23 05:10,21.9,22.3,81,1014,2.3,303,8,0.0
19-02-23 07:38,24.9,25.7,83,1015,3.7,0,75,0.0
19-02-23 08:32,24.9,25.7,83,1016,3.7,0,75,0.0
19-02-23 09:11,25.9,26.6,78,1016,3.7,0,75,0.0
19-02-23 10:13,26.9,28.7,69,1016,9.3,320,75,0.0
19-02-23 11:10,28.9,31.1,61,1016,11.1,150,75,0.0
19-02-23 12:13,28.9,31.1,61,1015,14.8,120,75,0.0
19-02-23 13:10,29.9,32.3,58,1014,16.7,120,75,0.0
19-02-23 14:12,29.9,32.3,58,1012,7.4,150,40,0.0
19-02-23 15:07,29.9,32.3,58,1011,14.8,200,40,0.0
19-02-23 16:08,28.9,31.1,61,1011,14.8,180,40,0.0
19-02-23 17:10,27.9,29.9,65,1011,13.0,200,40,0.0
19-02-23 18:28,26.9,28.7,69,1012,7.4,210,40,0.0
19-02-23 19:10,25.9,26.5,73,1012,5.5,220,40,0.0
19-02-23 20:10,25.9,26.5,73,1013,3.7,0,40,0.0
19-02-23 21:11,24.9,26.1,100,1013,3.7,0,40,0.0
19-02-23 22:16,24.9,25.7,83,1014,3.7,0,40,0.0
19-02-23 23:10,23.5,23.8,76,1014,6.0,235,0,0.0
20-02-23 00:07,23.9,24.8,94,1013,3.7,0,40,0.0
20-02-23 01:10,22.9,23.2,78,1012,4.5,269,0,0.0
20-02-23 02:10,23.9,24.8,94,1012,3.7,0,40,0.0
20-02-23 03:10,22.3,22.7,81,1012,5.0,273,0,0.0
20-02-23 04:10,22.1,22.5,81,1012,4.9,273,0,0.0
20-02-23 05:08,22.9,23.7,94,1012,3.7,0,40,0.0
20-02-23 07:40,21.9,22.8,100,1014,3.7,0,20,0.0
20-02-23 08:36,24.9,25.8,88,1015,3.7,0,20,0.0
20-02-23 09:12,25.9,26.8,83,1015,3.7,0,20,0.0
20-02-23 10:13,27.9,30.4,69,1015,7.4,240,20,0.0
20-02-23 11:10,29.9,31.6,54,1015,5.5,260,40,0.0
20-02-23 12:15,30.9,33.6,55,1013,7.4,250,40,0.0
20-02-23 13:10,30.9,33.6,55,1013,7.4,210,40,0.0
20-02-23 14:14,30.9,33.6,55,1011,13.0,110,40,0.0
20-02-23 15:10,30.9,32.7,51,1011,13.0,140,40,0.0
20-02-23 16:12,30.9,32.7,51,1011,13.0,140,20,0.0
20-02-23 17:11,29.9,32.3,58,1011,11.1,200,20,0.0
20-02-23 18:31,26.9,29.1,74,1012,11.1,180,20,0.0
20-02-23 19:11,26.9,29.4,78,1012,11.1,220,20,0.0
20-02-23 20:10,26.9,29.4,78,1013,5.5,240,20,0.0
20-02-23 21:11,26.9,29.4,78,1013,11.1,240,20,0.0
20-02-23 22:14,25.9,26.8,83,1014,5.5,270,20,0.0
20-02-23 23:10,24.9,25.8,88,1014,3.7,0,20,0.0
21-02-23 00:13,24.9,25.8,88,1013,3.7,0,20,0.0
21-02-23 01:10,24.9,25.9,94,1013,3.7,0,20,0.0
21-02-23 02:10,22.9,23.4,85,1012,6.6,260,0,0.0
21-02-23 03:10,23.9,25.0,100,1012,3.7,0,20,0.0
21-02-23 04:10,22.3,22.8,86,1012,4.9,274,0,0.0
21-02-23 05:10,22.2,22.7,86,1013,4.6,280,0,0.0
21-02-23 07:39,22.9,23.9,100,1014,5.5,230,20,0.0
21-02-23 08:34,24.9,25.9,94,1014,5.5,270,20,0.0
21-02-23 09:12,25.9,26.8,83,1015,3.7,0,0,0.0
21-02-23 10:14,27.9,30.4,69,1015,5.5,260,0,0.0
21-02-23 11:10,30.9,32.1,48,1015,7.4,200,0,0.0
21-02-23 12:13,30.9,34.2,58,1014,14.8,130,0,0.0
21-02-23 13:05,31.9,34.5,51,1013,11.1,110,0,0.0
21-02-23 14:14,32.9,35.1,46,1012,16.7,130,20,0.0
21-02-23 15:06,31.9,33.2,45,1011,13.0,170,20,0.0
21-02-23 16:12,31.9,32.2,40,1011,16.7,200,20,0.0
21-02-23 17:10,29.9,31.1,51,1012,16.7,180,0,0.0
21-02-23 18:31,27.9,30.4,69,1012,13.0,230,0,0.0
21-02-23 19:11,27.9,31.1,74,1012,13.0,240,0,0.0
21-02-23 20:11,26.9,29.4,78,1012,7.4,270,0,0.0
21-02-23 21:12,25.9,26.9,89,1013,5.5,280,0,0.0
21-02-23 22:18,25.9,27.0,94,1014,3.7,0,20,0.0
21-02-23 23:10,25.9,27.0,94,1013,3.7,0,40,0.0
22-02-23 00:14,24.9,26.1,100,1013,3.7,0,40,0.0
22-02-23 01:10,23.9,25.0,100,1013,3.7,0,40,0.0
22-02-23 02:11,23.9,25.0,100,1012,3.7,0,40,0.0
22-02-23 03:06,22.5,23.0,84,1012,6.1,266,0,0.0
22-02-23 04:11,23.9,25.0,100,1012,3.7,0,40,0.0
22-02-23 05:10,22.1,22.6,85,1013,5.9,263,0,0.0
22-02-23 07:38,23.7,24.2,81,1014,6.8,261,2,0.0
22-02-23 08:31,23.9,25.0,100,1014,3.7,0,1,0.0
22-02-23 09:12,25.9,26.8,83,1014,3.7,0,1,0.0
22-02-23 10:13,27.9,31.1,74,1015,3.7,0,1,0.0
22-02-23 11:10,29.9,32.3,58,1014,3.7,0,1,0.0
22-02-23 12:15,31.9,34.5,51,1013,16.7,140,20,0.0
22-02-23 13:10,31.9,33.8,48,1012,16.7,110,20,0.0
22-02-23 14:13,29.2,30.2,52,1010,22.4,169,11,0.0
22-02-23 15:08,28.7,29.6,53,1010,23.4,168,8,0.0
22-02-23 16:15,31.9,31.4,35,1010,18.5,190,20,0.0
22-02-23 17:11,30.9,31.1,42,1011,13.0,190,6,0.0
22-02-23 18:32,27.9,29.5,61,1011,9.3,230,0,0.0
22-02-23 19:12,26.9,28.7,69,1012,7.4,250,0,0.0
22-02-23 20:09,26.9,29.1,74,1012,13.0,250,0,0.0
22-02-23 21:11,25.9,26.8,83,1013,3.7,0,0,0.0
22-02-23 22:20,24.1,24.5,74,1014,12.7,225,10,0.0
22-02-23 23:10,24.9,25.8,88,1013,3.7,0,9,0.0
23-02-23 00:10,23.9,25.0,100,1013,3.7,0,0,0.0
23-02-23 01:10,23.9,25.0,100,1013,3.7,0,0,0.0
23-02-23 02:10,23.9,25.0,100,1012,3.7,0,0,0.0
23-02-23 03:11,22.5,22.8,78,1012,7.9,240,0,0.0
23-02-23 04:10,23.9,25.0,100,1012,3.7,0,0,0.0
23-02-23 05:10,23.9,25.0,100,1012,3.7,0,0,0.0
23-02-23 07:36,22.9,23.9,100,1013,3.7,0,3,0.0
23-02-23 08:27,24.9,25.8,88,1014,3.7,0,3,0.0
23-02-23 09:11,26.9,29.1,74,1014,5.5,280,4,0.0
23-02-23 10:12,28.9,30.1,54,1014,11.1,250,3,0.0
23-02-23 11:10,30.9,30.8,40,1014,13.0,260,2,0.0
23-02-23 12:14,31.9,31.7,37,1014,11.1,200,0,0.0
23-02-23 13:10,31.9,31.7,37,1012,18.5,190,0,0.0
23-02-23 14:14,31.9,32.8,43,1011,20.4,230,0,0.0
23-02-23 15:10,30.9,32.1,48,1011,18.5,220,0,0.0
23-02-23 16:12,29.9,31.1,51,1011,16.7,230,0,0.0
23-02-23 17:10,29.9,32.3,58,1011,14.8,210,0,0.0
23-02-23 18:30,27.9,30.4,69,1011,9.3,230,0,0.0
23-02-23 19:15,26.9,29.1,74,1012,9.3,240,0,0.0
23-02-23 20:10,25.9,26.5,73,1012,7.4,250,0,0.0
23-02-23 21:12,25.9,26.6,78,1013,3.7,0,0,0.0
23-02-23 22:21,24.9,25.7,83,1013,3.7,0,0,0.0
23-02-23 23:10,24.9,25.7,83,1013,3.7,0,0,0.0
24-02-23 00:15,24.9,25.8,88,1012,3.7,0,0,0.0
24-02-23 01:10,23.2,23.6,78,1012,5.8,248,0,0.0
24-02-23 02:11,22.9,23.3,78,1012,5.9,251,0,0.0
24-02-23 03:10,23.9,24.8,94,1011,3.7,0,0,0.0
24-02-23 04:11,23.9,24.8,94,1011,3.7,0,0,0.0
24-02-23 05:10,22.3,22.7,80,1012,5.3,273,0,0.0
24-02-23 07:37,22.9,23.7,94,1013,3.7,0,0,0.0
24-02-23 08:26,24.9,25.8,88,1014,3.7,0,0,0.0
24-02-23 09:12,26.9,29.1,74,1015,3.7,0,0,0.0
24-02-23 10:14,28.9,31.1,61,1015,5.5,200,0,0.0
24-02-23 11:10,29.9,32.3,58,1015,7.4,210,0,0.0
24-02-23 12:15,30.9,33.6,55,1015,9.3,230,0,0.0
24-02-23 13:11,31.9,34.5,51,1013,11.1,250,0,0.0
24-02-23 14:14,31.9,34.5,51,1012,20.4,190,0,0.0
24-02-23 15:10,30.9,33.6,55,1011,16.7,210,0,0.0
24-02-23 16:11,27.9,29.5,61,1011,21.3,169,0,0.0
24-02-23 17:10,28.9,31.7,65,1012,14.8,230,1,0.0
24-02-23 18:31,26.9,29.1,74,1013,14.8,230,2,0.0
24-02-23 19:11,26.9,29.1,74,1013,14.8,270,2,0.0
24-02-23 20:07,26.9,29.1,74,1014,7.4,250,3,0.0
24-02-23 21:08,25.9,26.6,78,1015,5.5,280,3,0.0
24-02-23 22:20,24.9,25.8,88,1015,3.7,0,3,0.0
24-02-23 23:10,24.9,25.8,88,1015,3.7,0,2,0.0
25-02-23 00:14,23.9,24.8,94,1015,3.7,0,0,0.0
25-02-23 01:10,23.9,24.8,94,1014,3.7,0,0,0.0
25-02-23 02:11,23.9,25.0,100,1014,3.7,0,0,0.0
25-02-23 03:10,23.9,25.0,100,1013,3.7,0,0,0.0
25-02-23 04:11,23.9,25.0,100,1013,3.7,0,0,0.0
25-02-23 05:10,22.3,22.6,79,1015,3.7,258,0,0.0
25-02-23 07:38,22.9,23.9,100,1016,3.7,0,0,0.0
